{
  "problem": {
    "num_vars": 8,
    "names": [
      "drag_target_intensity",
      "suppression_strength",
      "suppression_cost_exp",
      "base_lift_propensity",
      "lift_decay_with_depth",
      "coasean_dampener",
      "extraction_rate",
      "cross_region_compat"
    ],
    "bounds": [
      [
        0.1,
        0.9
      ],
      [
        0.05,
        0.92
      ],
      [
        1.5,
        2.6
      ],
      [
        0.3,
        0.6
      ],
      [
        0.78,
        0.95
      ],
      [
        0.0,
        0.85
      ],
      [
        0.0,
        0.2
      ],
      [
        0.2,
        0.95
      ]
    ]
  },
  "n_base_samples": 8,
  "n_simulations": 80,
  "n_steps": 12,
  "n_regions": 4,
  "parameter_bounds": [
    [
      0.1,
      0.9
    ],
    [
      0.05,
      0.92
    ],
    [
      1.5,
      2.6
    ],
    [
      0.3,
      0.6
    ],
    [
      0.78,
      0.95
    ],
    [
      0.0,
      0.85
    ],
    [
      0.0,
      0.2
    ],
    [
      0.2,
      0.95
    ]
  ],
  "indices": [
    {
      "metric": "exo_circulation_index",
      "parameter_names": [
        "drag_target_intensity",
        "suppression_strength",
        "suppression_cost_exp",
        "base_lift_propensity",
        "lift_decay_with_depth",
        "coasean_dampener",
        "extraction_rate",
        "cross_region_compat"
      ],
      "S1": [
        0.2512615401933901,
        0.1923936597482521,
        0.023429378913183262,
        0.1887869233067784,
        0.23451729161851917,
        0.3111690134986842,
        0.14830309501111064,
        0.06396871586069004
      ],
      "S1_conf": [
        0.7565748639403,
        1.1538675025373775,
        0.7016767014975569,
        1.781680973001369,
        0.5254922060893199,
        0.4064246932593061,
        1.2518668296121924,
        0.32433963687365375
      ],
      "ST": [
        0.4995882943042956,
        0.6801128218566094,
        0.06362448657783125,
        0.7395043682085604,
        0.5251603924479773,
        1.06549434132042,
        0.554849821184786,
        0.07264009485256248
      ],
      "ST_conf": [
        0.3666335840325445,
        2.5411536100069716,
        0.58163131197765,
        3.9685565622996464,
        0.32328462070683794,
        0.6548885654644927,
        0.7610532301216222,
        0.11787138708106983
      ]
    },
    {
      "metric": "real_balance",
      "parameter_names": [
        "drag_target_intensity",
        "suppression_strength",
        "suppression_cost_exp",
        "base_lift_propensity",
        "lift_decay_with_depth",
        "coasean_dampener",
        "extraction_rate",
        "cross_region_compat"
      ],
      "S1": [
        0.1770460684189407,
        0.4006219533423922,
        0.08231472362410377,
        0.1571457238084013,
        0.250122127949605,
        0.31306210715680743,
        0.18937536817173256,
        -0.042716923781313296
      ],
      "S1_conf": [
        0.2671019452369829,
        0.6303133623771918,
        0.36203300438024,
        0.6104446799934363,
        0.721952617556101,
        0.7950166540201078,
        0.8682464824454943,
        0.9273174040976208
      ],
      "ST": [
        0.18070225787311295,
        0.7921049243902077,
        0.23580156753704945,
        0.48673982491962414,
        0.29492087545051837,
        0.838672609671366,
        0.4925901366848495,
        0.786521642096096
      ],
      "ST_conf": [
        0.17716693101525297,
        0.6149006938389253,
        0.3197061448672644,
        0.26988483063714225,
        0.34797898148968276,
        0.47788606715279214,
        0.4422657342177935,
        2.0361565216231527
      ]
    },
    {
      "metric": "imperial_extraction_share",
      "parameter_names": [
        "drag_target_intensity",
        "suppression_strength",
        "suppression_cost_exp",
        "base_lift_propensity",
        "lift_decay_with_depth",
        "coasean_dampener",
        "extraction_rate",
        "cross_region_compat"
      ],
      "S1": [
        -0.10555985775288794,
        0.18314905160280975,
        -0.009887503560456198,
        -0.07082441943557843,
        -0.08165988156070389,
        -0.5374925837460612,
        0.30065518116421447,
        -0.19240035548895434
      ],
      "S1_conf": [
        0.4722834187907092,
        0.40550153680128553,
        0.25440259021842165,
        0.5362437899422943,
        0.5397907012255011,
        0.7744826013167804,
        0.9682962291495005,
        0.6309151843324153
      ],
      "ST": [
        0.11790937678473168,
        0.2083059611978478,
        0.08739862382960327,
        0.19577470823924792,
        0.14653771431194956,
        0.3339850674347499,
        0.5938265985867756,
        0.25552196389376014
      ],
      "ST_conf": [
        0.11434032067331774,
        0.2935451143575741,
        0.16460476183205702,
        0.18823874329815815,
        0.08292799201850237,
        0.34487173076933253,
        0.8067480919120235,
        0.1885218104940544
      ]
    },
    {
      "metric": "deepest_active_layer",
      "parameter_names": [
        "drag_target_intensity",
        "suppression_strength",
        "suppression_cost_exp",
        "base_lift_propensity",
        "lift_decay_with_depth",
        "coasean_dampener",
        "extraction_rate",
        "cross_region_compat"
      ],
      "S1": [
        -0.08058489033306254,
        0.15207148659626324,
        -0.05329000812347685,
        0.28594638505280257,
        0.5147034930950447,
        -0.028594638505280243,
        0.0012997562956945474,
        0.0
      ],
      "S1_conf": [
        0.4149324188851914,
        0.4042148935549645,
        0.14131221558945634,
        0.4906345488439561,
        0.6156374941035976,
        0.30967544251402357,
        0.2280796174939092,
        0.0
      ],
      "ST": [
        0.12997562956945571,
        0.2469536961819659,
        0.012997562956945576,
        0.3379366368805849,
        0.2859463850528026,
        0.10398050365556456,
        0.03899268887083671,
        0.0
      ],
      "ST_conf": [
        0.7485443519200959,
        0.7011236204473718,
        0.03446639404620888,
        1.2291479105420993,
        0.5589968144777995,
        0.23874994097913937,
        0.18496669579252076,
        0.0
      ]
    }
  ]
}