{
  "problem": {
    "num_vars": 8,
    "names": [
      "drag_target_intensity",
      "suppression_strength",
      "suppression_cost_exp",
      "base_lift_propensity",
      "lift_decay_with_depth",
      "coasean_dampener",
      "extraction_rate",
      "cross_region_compat"
    ],
    "bounds": [
      [
        0.1,
        0.9
      ],
      [
        0.05,
        0.92
      ],
      [
        1.5,
        2.6
      ],
      [
        0.3,
        0.6
      ],
      [
        0.78,
        0.95
      ],
      [
        0.0,
        0.85
      ],
      [
        0.0,
        0.2
      ],
      [
        0.2,
        0.95
      ]
    ]
  },
  "n_base_samples": 128,
  "n_simulations": 1280,
  "n_steps": 40,
  "n_regions": 8,
  "parameter_bounds": [
    [
      0.1,
      0.9
    ],
    [
      0.05,
      0.92
    ],
    [
      1.5,
      2.6
    ],
    [
      0.3,
      0.6
    ],
    [
      0.78,
      0.95
    ],
    [
      0.0,
      0.85
    ],
    [
      0.0,
      0.2
    ],
    [
      0.2,
      0.95
    ]
  ],
  "indices": [
    {
      "metric": "exo_circulation_index",
      "parameter_names": [
        "drag_target_intensity",
        "suppression_strength",
        "suppression_cost_exp",
        "base_lift_propensity",
        "lift_decay_with_depth",
        "coasean_dampener",
        "extraction_rate",
        "cross_region_compat"
      ],
      "S1": [
        0.11329344943853466,
        0.22833362318270325,
        -0.027015966553723292,
        0.1457200102842355,
        0.06316651745033912,
        0.15291543435750166,
        0.007910968939350692,
        -0.047244732056874274
      ],
      "S1_conf": [
        0.1224236585742292,
        0.12230914908502594,
        0.06472873720304467,
        0.11756491073901816,
        0.11017923158155683,
        0.12460192445134882,
        0.05298161824591266,
        0.05539757373898337
      ],
      "ST": [
        0.30456971132181565,
        0.4326488521452345,
        0.16015777966829106,
        0.2826395949771716,
        0.2813096413643072,
        0.2904522844224295,
        0.12027971681441105,
        0.07844672942982688
      ],
      "ST_conf": [
        0.1546198120334898,
        0.16087922977621585,
        0.08214999753858568,
        0.10341024454377352,
        0.08768454746098991,
        0.125015479499595,
        0.07941525229883352,
        0.053051221993540974
      ]
    },
    {
      "metric": "real_balance",
      "parameter_names": [
        "drag_target_intensity",
        "suppression_strength",
        "suppression_cost_exp",
        "base_lift_propensity",
        "lift_decay_with_depth",
        "coasean_dampener",
        "extraction_rate",
        "cross_region_compat"
      ],
      "S1": [
        -0.13293969633758826,
        0.16229300577003108,
        -0.06362583605684594,
        0.15163971477872987,
        0.16269325080043895,
        0.06409119790615314,
        0.006983800680689173,
        -0.05501179185793808
      ],
      "S1_conf": [
        0.14494668264032975,
        0.1998499250653511,
        0.1727528996682172,
        0.14960212634917977,
        0.15967662379861788,
        0.1665683258442593,
        0.2087825626563376,
        0.11414040359916094
      ],
      "ST": [
        0.6017582192625666,
        0.5746247267758865,
        0.47328916721642933,
        0.5531409831565215,
        0.5244682384133854,
        0.5575583625836324,
        0.5029130606325607,
        0.3064882342034669
      ],
      "ST_conf": [
        0.1997482258111732,
        0.2234196951484634,
        0.1583312431583883,
        0.1653146053712594,
        0.16653198311844933,
        0.19201459775986618,
        0.18518735221915045,
        0.12659951163543773
      ]
    },
    {
      "metric": "imperial_extraction_share",
      "parameter_names": [
        "drag_target_intensity",
        "suppression_strength",
        "suppression_cost_exp",
        "base_lift_propensity",
        "lift_decay_with_depth",
        "coasean_dampener",
        "extraction_rate",
        "cross_region_compat"
      ],
      "S1": [
        0.11107494050539703,
        0.1149768786266737,
        0.05419935539555067,
        0.026057252954659976,
        0.002652913320271077,
        0.06554786354589869,
        0.7488066879193815,
        0.05348399307839645
      ],
      "S1_conf": [
        0.12559680818662314,
        0.1422180744193029,
        0.12906444955445193,
        0.15254979113529954,
        0.12942466481078432,
        0.11213251063295618,
        0.17592666936967338,
        0.13452252189906444
      ],
      "ST": [
        0.20557372100734678,
        0.2280762354268142,
        0.2689250404209798,
        0.2745476759541992,
        0.24243316146047122,
        0.1976328751030325,
        1.0904239290127178,
        0.24177185189517117
      ],
      "ST_conf": [
        0.08311126919700419,
        0.07208166060432687,
        0.09760072348284478,
        0.08112602632199793,
        0.08369217623764746,
        0.07829788119034455,
        0.2375544901102141,
        0.09473146004306748
      ]
    },
    {
      "metric": "deepest_active_layer",
      "parameter_names": [
        "drag_target_intensity",
        "suppression_strength",
        "suppression_cost_exp",
        "base_lift_propensity",
        "lift_decay_with_depth",
        "coasean_dampener",
        "extraction_rate",
        "cross_region_compat"
      ],
      "S1": [
        0.15330257929677346,
        0.4139925683914543,
        -0.0072841313169227885,
        0.06823042872785343,
        0.08777738045793458,
        0.16003411521436392,
        -0.0037189137324842992,
        0.0009834776640850764
      ],
      "S1_conf": [
        0.09986161578123404,
        0.16242486896201672,
        0.018121204312106183,
        0.08567276091690273,
        0.1074547275598653,
        0.11641326185118013,
        0.019929801333661498,
        0.0175112317419626
      ],
      "ST": [
        0.20753422071388752,
        0.49865071661939553,
        0.005117282154589007,
        0.18535933137733515,
        0.2160630243048692,
        0.24335519579601056,
        0.009097390497047123,
        0.008528803590981678
      ],
      "ST_conf": [
        0.08279650364239045,
        0.1272976337736564,
        0.003035438691599424,
        0.06650077611498771,
        0.06257048584971993,
        0.07458484147999071,
        0.004340289653356555,
        0.0039557200397559245
      ]
    }
  ]
}