{
  "problem": {
    "num_vars": 8,
    "names": [
      "drag_target_intensity",
      "suppression_strength",
      "suppression_cost_exp",
      "base_lift_propensity",
      "lift_decay_with_depth",
      "coasean_dampener",
      "extraction_rate",
      "cross_region_compat"
    ],
    "bounds": [
      [
        0.1,
        0.9
      ],
      [
        0.05,
        0.92
      ],
      [
        1.5,
        2.6
      ],
      [
        0.3,
        0.6
      ],
      [
        0.78,
        0.95
      ],
      [
        0.0,
        0.85
      ],
      [
        0.0,
        0.2
      ],
      [
        0.2,
        0.95
      ]
    ]
  },
  "n_base_samples": 128,
  "n_simulations": 1280,
  "n_steps": 60,
  "n_regions": 12,
  "parameter_bounds": [
    [
      0.1,
      0.9
    ],
    [
      0.05,
      0.92
    ],
    [
      1.5,
      2.6
    ],
    [
      0.3,
      0.6
    ],
    [
      0.78,
      0.95
    ],
    [
      0.0,
      0.85
    ],
    [
      0.0,
      0.2
    ],
    [
      0.2,
      0.95
    ]
  ],
  "indices": [
    {
      "metric": "exo_circulation_index",
      "parameter_names": [
        "drag_target_intensity",
        "suppression_strength",
        "suppression_cost_exp",
        "base_lift_propensity",
        "lift_decay_with_depth",
        "coasean_dampener",
        "extraction_rate",
        "cross_region_compat"
      ],
      "S1": [
        0.1252791183608024,
        0.5077426988906857,
        -0.021002627051813147,
        0.06549643804021349,
        0.020455096742419975,
        0.09252579743903289,
        0.027691469336568974,
        0.021903200361740618
      ],
      "S1_conf": [
        0.14763519729304206,
        0.24642085101456734,
        0.10397203983966023,
        0.1318854779364545,
        0.11701427290250462,
        0.12136803552748886,
        0.10492775662036184,
        0.0796828236690413
      ],
      "ST": [
        0.32041966965090507,
        0.5663849019922296,
        0.11420886540469384,
        0.28523536757717644,
        0.20847967196339753,
        0.22247739544874837,
        0.16308193663437442,
        0.08422924661276329
      ],
      "ST_conf": [
        0.09787675513384121,
        0.16043011233842716,
        0.04871407044136396,
        0.10823778459350257,
        0.07767730039832163,
        0.08188809938426117,
        0.08048442060434864,
        0.027657739783527435
      ]
    },
    {
      "metric": "real_balance",
      "parameter_names": [
        "drag_target_intensity",
        "suppression_strength",
        "suppression_cost_exp",
        "base_lift_propensity",
        "lift_decay_with_depth",
        "coasean_dampener",
        "extraction_rate",
        "cross_region_compat"
      ],
      "S1": [
        0.0494344787312695,
        0.28095547609327204,
        0.08818909068388026,
        0.14561252652722212,
        0.09887750908755195,
        0.13593279374097275,
        0.06196519057191972,
        0.10561161144003699
      ],
      "S1_conf": [
        0.15134217463176286,
        0.20804869644681212,
        0.16660495316056126,
        0.1918159925127467,
        0.218034636781228,
        0.1786551192084238,
        0.22307903772621876,
        0.21235441858601056
      ],
      "ST": [
        0.6994060530340925,
        0.9220629403093329,
        0.5178111738758301,
        0.7194585452627886,
        0.8023387363956098,
        0.516765277513343,
        0.6430745185636513,
        0.674064673909902
      ],
      "ST_conf": [
        0.2465737923359892,
        0.3118439992882132,
        0.1554684480047108,
        0.24738986156402537,
        0.28570317949578555,
        0.1098904587766784,
        0.22790681538602875,
        0.3132248622129399
      ]
    },
    {
      "metric": "imperial_extraction_share",
      "parameter_names": [
        "drag_target_intensity",
        "suppression_strength",
        "suppression_cost_exp",
        "base_lift_propensity",
        "lift_decay_with_depth",
        "coasean_dampener",
        "extraction_rate",
        "cross_region_compat"
      ],
      "S1": [
        -0.06818629106937857,
        -0.13574263540242176,
        -0.14510685856980227,
        0.001232761768295552,
        -0.059490438143266766,
        -0.07865172782843714,
        0.5436808290554818,
        -0.11237144625411474
      ],
      "S1_conf": [
        0.13066468360237285,
        0.11144430366443728,
        0.11467644233208577,
        0.09316816329947047,
        0.11714616122985518,
        0.08607407532274815,
        0.290956373137946,
        0.1384436985010537
      ],
      "ST": [
        0.2251992342728228,
        0.25777381519794823,
        0.2516399458871315,
        0.1727351299306061,
        0.1723179717881861,
        0.19488017606772803,
        0.915788154196016,
        0.28290552897688914
      ],
      "ST_conf": [
        0.07744696666691031,
        0.08595818033540498,
        0.07905959125975161,
        0.0632935284025764,
        0.06132287616492502,
        0.0752134929252039,
        0.223257463845364,
        0.08426016008110607
      ]
    },
    {
      "metric": "deepest_active_layer",
      "parameter_names": [
        "drag_target_intensity",
        "suppression_strength",
        "suppression_cost_exp",
        "base_lift_propensity",
        "lift_decay_with_depth",
        "coasean_dampener",
        "extraction_rate",
        "cross_region_compat"
      ],
      "S1": [
        0.14665621975388302,
        0.5148048918804645,
        -0.014363837116331449,
        0.09396851097426813,
        0.18111740553192088,
        0.18003130066068043,
        0.014786255763669993,
        0.006216046698501696
      ],
      "S1_conf": [
        0.12131181499956954,
        0.1799588405233365,
        0.02068399182378815,
        0.11219321635031784,
        0.1043687466257979,
        0.10437888737772585,
        0.020824774349710237,
        0.015671752754916016
      ],
      "ST": [
        0.19442479525320075,
        0.5945602577795769,
        0.007181918558165725,
        0.18519089996413046,
        0.2154575567449718,
        0.17287903957870357,
        0.008720901106344095,
        0.005642936009987356
      ],
      "ST_conf": [
        0.0718013262457455,
        0.14275250701475367,
        0.0036998635517751354,
        0.06829283206212929,
        0.06678251199969328,
        0.0668199852214136,
        0.003751392178695633,
        0.0030383265860361294
      ]
    }
  ]
}