{
  "max": 0.4426576456266929,
  "mean": 0.1295558608766945,
  "median": 0.10648430015117294,
  "min": 0.0,
  "n": 1088,
  "p05": 0.0012315098217323796,
  "p25": 0.02440081389894978,
  "p75": 0.21208225333133868,
  "p95": 0.31921118986315766,
  "share_above_0_35": 0.03216911764705882,
  "share_zero_to_0_01": 0.10661764705882353
}
