{
  "problem": {
    "num_vars": 10,
    "names": [
      "alpha",
      "agent_capability_mean",
      "coase_exp",
      "base_friction",
      "folding_propensity",
      "folding_branching",
      "fold_real_efficiency",
      "fold_nominal_multiplier",
      "cross_stack_compat",
      "market_layer_tax"
    ],
    "bounds": [
      [
        0.05,
        0.95
      ],
      [
        0.45,
        0.92
      ],
      [
        1.2,
        2.4
      ],
      [
        0.02,
        0.08
      ],
      [
        0.05,
        0.75
      ],
      [
        1.6,
        3.4
      ],
      [
        0.85,
        0.97
      ],
      [
        1.3,
        2.2
      ],
      [
        0.3,
        0.95
      ],
      [
        0.005,
        0.05
      ]
    ]
  },
  "n_base_samples": 8,
  "n_simulations": 96,
  "n_steps": 8,
  "pairs_per_step": 3000,
  "n_human_prototypes": 200,
  "n_agent_prototypes": 2000,
  "parameter_bounds": [
    [
      0.05,
      0.95
    ],
    [
      0.45,
      0.92
    ],
    [
      1.2,
      2.4
    ],
    [
      0.02,
      0.08
    ],
    [
      0.05,
      0.75
    ],
    [
      1.6,
      3.4
    ],
    [
      0.85,
      0.97
    ],
    [
      1.3,
      2.2
    ],
    [
      0.3,
      0.95
    ],
    [
      0.005,
      0.05
    ]
  ],
  "indices": [
    {
      "metric": "exo_baroque_index",
      "parameter_names": [
        "alpha",
        "agent_capability_mean",
        "coase_exp",
        "base_friction",
        "folding_propensity",
        "folding_branching",
        "fold_real_efficiency",
        "fold_nominal_multiplier",
        "cross_stack_compat",
        "market_layer_tax"
      ],
      "S1": [
        0.5360429092368476,
        0.02811999641937976,
        -0.0068380541113886376,
        -0.022831784080369143,
        10.724091955582598,
        -0.05530232187046593,
        -0.004868424076262622,
        -0.09137598403536741,
        -0.003933600473648327,
        0.005356059597851329
      ],
      "S1_conf": [
        10.013187558589019,
        2.187647367123828,
        0.40828949352809124,
        0.7045127985141342,
        67.8495553788364,
        1.15749571337079,
        0.19025112189892046,
        2.8187613620142886,
        0.22773819011549082,
        0.15481426638242718
      ],
      "ST": [
        0.5768527059156071,
        0.012828551062337861,
        0.0003218528017244472,
        0.000565283270079602,
        95.65782268369426,
        0.007365680863377821,
        8.600887571629683e-05,
        0.012042078597817864,
        6.678407958343272e-05,
        9.367263397310408e-05
      ],
      "ST_conf": [
        9.875536939700591,
        0.48575712151363726,
        0.012217722292172757,
        0.017393281073773817,
        276.95005059981,
        0.22387236072946817,
        0.004202759434786391,
        0.7545292765678014,
        0.0026214387183627285,
        0.004122612362399892
      ]
    },
    {
      "metric": "real_per_capita_welfare",
      "parameter_names": [
        "alpha",
        "agent_capability_mean",
        "coase_exp",
        "base_friction",
        "folding_propensity",
        "folding_branching",
        "fold_real_efficiency",
        "fold_nominal_multiplier",
        "cross_stack_compat",
        "market_layer_tax"
      ],
      "S1": [
        -0.1585788550080287,
        0.9872203929047226,
        0.00606338324225226,
        -0.09017622176918785,
        0.03413868051730142,
        -0.0934156286353227,
        0.00936028719029973,
        -0.09280543948227683,
        0.011067103340680043,
        -0.044791352752337615
      ],
      "S1_conf": [
        0.155884154432731,
        1.0544051109590857,
        0.27127904775787315,
        0.19645086866645886,
        0.22280323192040027,
        0.2397211455451906,
        0.1783124111410607,
        0.10237574404333925,
        0.20676257385863794,
        0.19069903282596373
      ],
      "ST": [
        0.03520302928193317,
        1.0768660527281353,
        0.06427854346683408,
        0.056635960843033836,
        0.07158352423684936,
        0.06677326258947056,
        0.03342047787825739,
        0.012410579264999175,
        0.03356298612012177,
        0.03888993091118388
      ],
      "ST_conf": [
        0.03473426758349835,
        0.5594349418444127,
        0.07510991536593216,
        0.05825340702003731,
        0.09150462386045445,
        0.07206925654743429,
        0.031177042344124106,
        0.007629387275932153,
        0.03927933635531232,
        0.0352193508032979
      ]
    },
    {
      "metric": "gini_wealth",
      "parameter_names": [
        "alpha",
        "agent_capability_mean",
        "coase_exp",
        "base_friction",
        "folding_propensity",
        "folding_branching",
        "fold_real_efficiency",
        "fold_nominal_multiplier",
        "cross_stack_compat",
        "market_layer_tax"
      ],
      "S1": [
        0.6450818135704305,
        0.3001095134580712,
        0.44653961287962063,
        0.6443269000739686,
        0.33576570225262,
        0.5957876933759774,
        0.31578578215429604,
        0.495048546648795,
        0.35550132690136155,
        0.3836917689180451
      ],
      "S1_conf": [
        1.1533671701605301,
        0.5053599522796985,
        0.7977200126113811,
        0.5925130403480756,
        0.37352492161645445,
        1.1619128339758995,
        0.6961328142284984,
        0.9843111394480738,
        1.2121015692892165,
        0.5241617696096428
      ],
      "ST": [
        1.3999072729303474,
        1.008749881369044,
        1.4219079348017456,
        0.9244811988185467,
        0.776366648669691,
        1.3817580626003556,
        1.0115077801047088,
        1.0863456617230642,
        1.9483698173981343,
        0.6430423006318613
      ],
      "ST_conf": [
        0.7923417394384357,
        0.8860844363191187,
        0.7647238888179836,
        0.3375306356832479,
        0.7989623550737552,
        0.7535729237000616,
        1.1768928167989083,
        0.4773715061932423,
        5.426937727651177,
        0.3902047836356903
      ]
    }
  ]
}