{
  "coasean_paradise": {
    "small": {
      "exo_baroque_index": {
        "mean": 1.0563389852269114,
        "std": 0.002368645653303412,
        "lo": 1.0546640998232324,
        "hi": 1.0580138706305902,
        "n": 2
      },
      "gini_wealth": {
        "mean": 0.5000440517921505,
        "std": 0.007867097137569109,
        "lo": 0.4944811740579221,
        "hi": 0.5056069295263789,
        "n": 2
      },
      "a2a_share": {
        "mean": 0.998062012997634,
        "std": 6.512126099387078e-06,
        "lo": 0.9980574082291092,
        "hi": 0.9980666177661588,
        "n": 2
      },
      "real_per_capita_welfare": {
        "mean": 0.16904510652651653,
        "std": 0.010925836987424348,
        "lo": 0.16131937310256997,
        "hi": 0.17677083995046308,
        "n": 2
      },
      "human_legibility_index": {
        "mean": 0.0019379870023659303,
        "std": 6.512126099092838e-06,
        "lo": 0.00193338223384132,
        "hi": 0.0019425917708905409,
        "n": 2
      },
      "fold_max_depth": {
        "mean": 0.0,
        "std": 0.0,
        "lo": 0.0,
        "hi": 0.0,
        "n": 2
      },
      "governance_overhead_fraction": {
        "mean": 0.13509983914976648,
        "std": 0.0021522068598003328,
        "lo": 0.13357799908468546,
        "hi": 0.1366216792148475,
        "n": 2
      }
    },
    "medium": {
      "exo_baroque_index": {
        "mean": 1.057336488408007,
        "std": 0.000866309587669258,
        "lo": 1.0567239150239591,
        "hi": 1.0579490617920548,
        "n": 2
      },
      "gini_wealth": {
        "mean": 0.4992960774276095,
        "std": 0.0028585209584074196,
        "lo": 0.4972747978737558,
        "hi": 0.5013173569814633,
        "n": 2
      },
      "a2a_share": {
        "mean": 0.9980820322256257,
        "std": 6.592412258817342e-06,
        "lo": 0.9980773706862132,
        "hi": 0.9980866937650383,
        "n": 2
      },
      "real_per_capita_welfare": {
        "mean": 0.01642911814924413,
        "std": 0.0004042285000471779,
        "lo": 0.016143285435711904,
        "hi": 0.016714950862776357,
        "n": 2
      },
      "human_legibility_index": {
        "mean": 0.001917967774374167,
        "std": 6.592412258831142e-06,
        "lo": 0.0019133062349615702,
        "hi": 0.0019226293137867639,
        "n": 2
      },
      "fold_max_depth": {
        "mean": 0.0,
        "std": 0.0,
        "lo": 0.0,
        "hi": 0.0,
        "n": 2
      },
      "governance_overhead_fraction": {
        "mean": 0.1371071968707478,
        "std": 0.0006659634558085126,
        "lo": 0.13663628959512317,
        "hi": 0.13757810414637242,
        "n": 2
      }
    }
  },
  "baroque_cathedral": {
    "small": {
      "exo_baroque_index": {
        "mean": 2475.354644774533,
        "std": 50.44143824218933,
        "lo": 2439.6871617406787,
        "hi": 2511.0221278083877,
        "n": 2
      },
      "gini_wealth": {
        "mean": 0.5000810944444496,
        "std": 0.007864834999166166,
        "lo": 0.49451981628362585,
        "hi": 0.5056423726052732,
        "n": 2
      },
      "a2a_share": {
        "mean": 0.9999840276318142,
        "std": 1.1836337963027406e-07,
        "lo": 0.9999839439362658,
        "hi": 0.9999841113273625,
        "n": 2
      },
      "real_per_capita_welfare": {
        "mean": 0.10068082424183031,
        "std": 0.007291075820996965,
        "lo": 0.09552525508665807,
        "hi": 0.10583639339700253,
        "n": 2
      },
      "human_legibility_index": {
        "mean": 1.5972368185825082e-05,
        "std": 1.1836337964774882e-07,
        "lo": 1.5888672637432e-05,
        "hi": 1.6056063734218163e-05,
        "n": 2
      },
      "fold_max_depth": {
        "mean": 7.0,
        "std": 0.0,
        "lo": 7.0,
        "hi": 7.0,
        "n": 2
      },
      "governance_overhead_fraction": {
        "mean": 0.13872244589784677,
        "std": 0.0018968060490786101,
        "lo": 0.13738120147794763,
        "hi": 0.14006369031774593,
        "n": 2
      }
    },
    "medium": {
      "exo_baroque_index": {
        "mean": 2495.051862494126,
        "std": 14.218464094925313,
        "lo": 2484.997890114547,
        "hi": 2505.105834873705,
        "n": 2
      },
      "gini_wealth": {
        "mean": 0.4993001079127375,
        "std": 0.002858583143797469,
        "lo": 0.4972787843871727,
        "hi": 0.5013214314383022,
        "n": 2
      },
      "a2a_share": {
        "mean": 0.9999830395663216,
        "std": 1.6723030148185534e-06,
        "lo": 0.9999818570695197,
        "hi": 0.9999842220631237,
        "n": 2
      },
      "real_per_capita_welfare": {
        "mean": 0.009756198771862092,
        "std": 0.0002588596337788525,
        "lo": 0.0095731573694416,
        "hi": 0.009939240174282585,
        "n": 2
      },
      "human_legibility_index": {
        "mean": 1.6960433678334763e-05,
        "std": 1.6723030150228026e-06,
        "lo": 1.577793687621343e-05,
        "hi": 1.8142930480456096e-05,
        "n": 2
      },
      "fold_max_depth": {
        "mean": 7.0,
        "std": 0.0,
        "lo": 7.0,
        "hi": 7.0,
        "n": 2
      },
      "governance_overhead_fraction": {
        "mean": 0.14011707893309863,
        "std": 0.0006663087264778079,
        "lo": 0.1396459275142424,
        "hi": 0.14058823035195486,
        "n": 2
      }
    }
  },
  "productive_baroque": {
    "small": {
      "exo_baroque_index": {
        "mean": 16.525265742791408,
        "std": 0.2417721696304559,
        "lo": 16.35430700214353,
        "hi": 16.696224483439288,
        "n": 2
      },
      "gini_wealth": {
        "mean": 0.500076017969589,
        "std": 0.007865162981000692,
        "lo": 0.494514507890586,
        "hi": 0.505637528048592,
        "n": 2
      },
      "a2a_share": {
        "mean": 0.9999805128073771,
        "std": 7.50299493740002e-07,
        "lo": 0.9999799822655172,
        "hi": 0.9999810433492371,
        "n": 2
      },
      "real_per_capita_welfare": {
        "mean": 0.17854223216426524,
        "std": 0.012695124027479295,
        "lo": 0.16956542387643034,
        "hi": 0.1875190404521001,
        "n": 2
      },
      "human_legibility_index": {
        "mean": 1.9487192622754422e-05,
        "std": 7.502994937439454e-07,
        "lo": 1.8956650762807244e-05,
        "hi": 2.00177344827016e-05,
        "n": 2
      },
      "fold_max_depth": {
        "mean": 6.0,
        "std": 0.0,
        "lo": 6.0,
        "hi": 6.0,
        "n": 2
      },
      "governance_overhead_fraction": {
        "mean": 0.13718217017799522,
        "std": 0.0017766154709913703,
        "lo": 0.1359259133308963,
        "hi": 0.13843842702509415,
        "n": 2
      }
    },
    "medium": {
      "exo_baroque_index": {
        "mean": 16.62468643196301,
        "std": 0.08344857050531855,
        "lo": 16.565679381878375,
        "hi": 16.683693482047644,
        "n": 2
      },
      "gini_wealth": {
        "mean": 0.49929942351993556,
        "std": 0.0028585676801977347,
        "lo": 0.49727811092878704,
        "hi": 0.5013207361110841,
        "n": 2
      },
      "a2a_share": {
        "mean": 0.9999801754484704,
        "std": 1.0581070887006106e-06,
        "lo": 0.9999794272537728,
        "hi": 0.999980923643168,
        "n": 2
      },
      "real_per_capita_welfare": {
        "mean": 0.0173058567724142,
        "std": 0.00046664333054199654,
        "lo": 0.01697589010899248,
        "hi": 0.01763582343583592,
        "n": 2
      },
      "human_legibility_index": {
        "mean": 1.9824551529512556e-05,
        "std": 1.058107088614485e-06,
        "lo": 1.90763568319317e-05,
        "hi": 2.0572746227093416e-05,
        "n": 2
      },
      "fold_max_depth": {
        "mean": 6.0,
        "std": 0.0,
        "lo": 6.0,
        "hi": 6.0,
        "n": 2
      },
      "governance_overhead_fraction": {
        "mean": 0.1386057422397968,