{
  "small": {
    "scale": "small",
    "n_total": 66000,
    "n_pairs": 200000,
    "n_steps": 200,
    "seeds": [
      {
        "seed": 0,
        "elapsed_sec": 3.8873915830045007,
        "final": {
          "exo_baroque_index": 2511.0221278083877,
          "gini_wealth": 0.5056423726052732,
          "a2a_share": 0.9999839439362658,
          "real_per_capita_welfare": 0.09552525508665807,
          "human_legibility_index": 1.6056063734218163e-05,
          "fold_max_depth": 7.0,
          "governance_overhead_fraction": 0.14006369031774593
        }
      },
      {
        "seed": 1,
        "elapsed_sec": 3.731524167000316,
        "final": {
          "exo_baroque_index": 2439.6871617406787,
          "gini_wealth": 0.49451981628362585,
          "a2a_share": 0.9999841113273625,
          "real_per_capita_welfare": 0.10583639339700253,
          "human_legibility_index": 1.5888672637432e-05,
          "fold_max_depth": 7.0,
          "governance_overhead_fraction": 0.13738120147794763
        }
      }
    ],
    "summary": {
      "exo_baroque_index": {
        "mean": 2475.354644774533,
        "std": 50.44143824218933,
        "lo": 2439.6871617406787,
        "hi": 2511.0221278083877,
        "n": 2
      },
      "gini_wealth": {
        "mean": 0.5000810944444496,
        "std": 0.007864834999166166,
        "lo": 0.49451981628362585,
        "hi": 0.5056423726052732,
        "n": 2
      },
      "a2a_share": {
        "mean": 0.9999840276318142,
        "std": 1.1836337963027406e-07,
        "lo": 0.9999839439362658,
        "hi": 0.9999841113273625,
        "n": 2
      },
      "real_per_capita_welfare": {
        "mean": 0.10068082424183031,
        "std": 0.007291075820996965,
        "lo": 0.09552525508665807,
        "hi": 0.10583639339700253,
        "n": 2
      },
      "human_legibility_index": {
        "mean": 1.5972368185825082e-05,
        "std": 1.1836337964774882e-07,
        "lo": 1.5888672637432e-05,
        "hi": 1.6056063734218163e-05,
        "n": 2
      },
      "fold_max_depth": {
        "mean": 7.0,
        "std": 0.0,
        "lo": 7.0,
        "hi": 7.0,
        "n": 2
      },
      "governance_overhead_fraction": {
        "mean": 0.13872244589784677,
        "std": 0.0018968060490786101,
        "lo": 0.13738120147794763,
        "hi": 0.14006369031774593,
        "n": 2
      }
    }
  },
  "medium": {
    "scale": "medium",
    "n_total": 660000,
    "n_pairs": 2000000,
    "n_steps": 200,
    "seeds": [
      {
        "seed": 0,
        "elapsed_sec": 38.67646245798096,
        "final": {
          "exo_baroque_index": 2484.997890114547,
          "gini_wealth": 0.5013214314383022,
          "a2a_share": 0.9999842220631237,
          "real_per_capita_welfare": 0.009939240174282585,
          "human_legibility_index": 1.577793687621343e-05,
          "fold_max_depth": 7.0,
          "governance_overhead_fraction": 0.1396459275142424
        }
      },
      {
        "seed": 1,
        "elapsed_sec": 38.110063957981765,
        "final": {
          "exo_baroque_index": 2505.105834873705,
          "gini_wealth": 0.4972787843871727,
          "a2a_share": 0.9999818570695197,
          "real_per_capita_welfare": 0.0095731573694416,
          "human_legibility_index": 1.8142930480456096e-05,
          "fold_max_depth": 7.0,
          "governance_overhead_fraction": 0.14058823035195486
        }
      }
    ],
    "summary": {
      "exo_baroque_index": {
        "mean": 2495.051862494126,
        "std": 14.218464094925313,
        "lo": 2484.997890114547,
        "hi": 2505.105834873705,
        "n": 2
      },
      "gini_wealth": {
        "mean": 0.4993001079127375,
        "std": 0.002858583143797469,
        "lo": 0.4972787843871727,
        "hi": 0.5013214314383022,
        "n": 2
      },
      "a2a_share": {
        "mean": 0.9999830395663216,
        "std": 1.6723030148185534e-06,
        "lo": 0.9999818570695197,
        "hi": 0.9999842220631237,
        "n": 2
      },
      "real_per_capita_welfare": {
        "mean": 0.009756198771862092,
        "std": 0.0002588596337788525,
        "lo": 0.0095731573694416,
        "hi": 0.009939240174282585,
        "n": 2
      },
      "human_legibility_index": {
        "mean": 1.6960433678334763e-05,
        "std": 1.6723030150228026e-06,
        "lo": 1.577793687621343e-05,
        "hi": 1.8142930480456096e-05,
        "n": 2
      },
      "fold_max_depth": {
        "mean": 7.0,
        "std": 0.0,
        "lo": 7.0,
        "hi": 7.0,
        "n": 2
      },
      "governance_overhead_fraction": {
        "mean": 0.14011707893309863,
        "std": 0.0006663087264778079,
        "lo": 0.1396459275142424,
        "hi": 0.14058823035195486,
        "n": 2
      }
    }
  }
}