{
  "small": {
    "scale": "small",
    "n_total": 66000,
    "n_pairs": 200000,
    "n_steps": 200,
    "seeds": [
      {
        "seed": 0,
        "elapsed_sec": 3.4281667079776525,
        "final": {
          "exo_baroque_index": 1.0580138706305902,
          "gini_wealth": 0.5056069295263789,
          "a2a_share": 0.9980666177661588,
          "real_per_capita_welfare": 0.16131937310256997,
          "human_legibility_index": 0.00193338223384132,
          "fold_max_depth": 0.0,
          "governance_overhead_fraction": 0.1366216792148475
        }
      },
      {
        "seed": 1,
        "elapsed_sec": 3.3986590420245193,
        "final": {
          "exo_baroque_index": 1.0546640998232324,
          "gini_wealth": 0.4944811740579221,
          "a2a_share": 0.9980574082291092,
          "real_per_capita_welfare": 0.17677083995046308,
          "human_legibility_index": 0.0019425917708905409,
          "fold_max_depth": 0.0,
          "governance_overhead_fraction": 0.13357799908468546
        }
      }
    ],
    "summary": {
      "exo_baroque_index": {
        "mean": 1.0563389852269114,
        "std": 0.002368645653303412,
        "lo": 1.0546640998232324,
        "hi": 1.0580138706305902,
        "n": 2
      },
      "gini_wealth": {
        "mean": 0.5000440517921505,
        "std": 0.007867097137569109,
        "lo": 0.4944811740579221,
        "hi": 0.5056069295263789,
        "n": 2
      },
      "a2a_share": {
        "mean": 0.998062012997634,
        "std": 6.512126099387078e-06,
        "lo": 0.9980574082291092,
        "hi": 0.9980666177661588,
        "n": 2
      },
      "real_per_capita_welfare": {
        "mean": 0.16904510652651653,
        "std": 0.010925836987424348,
        "lo": 0.16131937310256997,
        "hi": 0.17677083995046308,
        "n": 2
      },
      "human_legibility_index": {
        "mean": 0.0019379870023659303,
        "std": 6.512126099092838e-06,
        "lo": 0.00193338223384132,
        "hi": 0.0019425917708905409,
        "n": 2
      },
      "fold_max_depth": {
        "mean": 0.0,
        "std": 0.0,
        "lo": 0.0,
        "hi": 0.0,
        "n": 2
      },
      "governance_overhead_fraction": {
        "mean": 0.13509983914976648,
        "std": 0.0021522068598003328,
        "lo": 0.13357799908468546,
        "hi": 0.1366216792148475,
        "n": 2
      }
    }
  },
  "medium": {
    "scale": "medium",
    "n_total": 660000,
    "n_pairs": 2000000,
    "n_steps": 200,
    "seeds": [
      {
        "seed": 0,
        "elapsed_sec": 36.45522195799276,
        "final": {
          "exo_baroque_index": 1.0567239150239591,
          "gini_wealth": 0.5013173569814633,
          "a2a_share": 0.9980866937650383,
          "real_per_capita_welfare": 0.016714950862776357,
          "human_legibility_index": 0.0019133062349615702,
          "fold_max_depth": 0.0,
          "governance_overhead_fraction": 0.13663628959512317
        }
      },
      {
        "seed": 1,
        "elapsed_sec": 38.14494762499817,
        "final": {
          "exo_baroque_index": 1.0579490617920548,
          "gini_wealth": 0.4972747978737558,
          "a2a_share": 0.9980773706862132,
          "real_per_capita_welfare": 0.016143285435711904,
          "human_legibility_index": 0.0019226293137867639,
          "fold_max_depth": 0.0,
          "governance_overhead_fraction": 0.13757810414637242
        }
      }
    ],
    "summary": {
      "exo_baroque_index": {
        "mean": 1.057336488408007,
        "std": 0.000866309587669258,
        "lo": 1.0567239150239591,
        "hi": 1.0579490617920548,
        "n": 2
      },
      "gini_wealth": {
        "mean": 0.4992960774276095,
        "std": 0.0028585209584074196,
        "lo": 0.4972747978737558,
        "hi": 0.5013173569814633,
        "n": 2
      },
      "a2a_share": {
        "mean": 0.9980820322256257,
        "std": 6.592412258817342e-06,
        "lo": 0.9980773706862132,
        "hi": 0.9980866937650383,
        "n": 2
      },
      "real_per_capita_welfare": {
        "mean": 0.01642911814924413,
        "std": 0.0004042285000471779,
        "lo": 0.016143285435711904,
        "hi": 0.016714950862776357,
        "n": 2
      },
      "human_legibility_index": {
        "mean": 0.001917967774374167,
        "std": 6.592412258831142e-06,
        "lo": 0.0019133062349615702,
        "hi": 0.0019226293137867639,
        "n": 2
      },
      "fold_max_depth": {
        "mean": 0.0,
        "std": 0.0,
        "lo": 0.0,
        "hi": 0.0,
        "n": 2
      },
      "governance_overhead_fraction": {
        "mean": 0.1371071968707478,
        "std": 0.0006659634558085126,
        "lo": 0.13663628959512317,
        "hi": 0.13757810414637242,
        "n": 2
      }
    }
  }
}