{
  "small": {
    "scale": "small",
    "n_total": 88000,
    "n_pairs": 200000,
    "n_steps": 200,
    "seeds": [
      {
        "seed": 0,
        "elapsed_sec": 3.979230875032954,
        "final": {
          "exo_baroque_index": 25441543.81628306,
          "gini_wealth": 0.4993708118490493,
          "a2a_share": 0.9999833707066041,
          "real_per_capita_welfare": 0.04935619188654612,
          "human_legibility_index": 1.6629293395740082e-05,
          "fold_max_depth": 10.0,
          "governance_overhead_fraction": 0.1384321719013951
        }
      },
      {
        "seed": 1,
        "elapsed_sec": 4.022239958052523,
        "final": {
          "exo_baroque_index": 25513760.35053952,
          "gini_wealth": 0.49262563800604103,
          "a2a_share": 0.9999776438538163,
          "real_per_capita_welfare": 0.048891578393558954,
          "human_legibility_index": 2.235614618364615e-05,
          "fold_max_depth": 10.0,
          "governance_overhead_fraction": 0.13766487713762035
        }
      }
    ],
    "summary": {
      "exo_baroque_index": {
        "mean": 25477652.08341129,
        "std": 51064.80108653489,
        "lo": 25441543.81628306,
        "hi": 25513760.35053952,
        "n": 2
      },
      "gini_wealth": {
        "mean": 0.4959982249275452,
        "std": 0.004769558164673271,
        "lo": 0.49262563800604103,
        "hi": 0.4993708118490493,
        "n": 2
      },
      "a2a_share": {
        "mean": 0.9999805072802102,
        "std": 4.0494964411667105e-06,
        "lo": 0.9999776438538163,
        "hi": 0.9999833707066041,
        "n": 2
      },
      "real_per_capita_welfare": {
        "mean": 0.04912388514005254,
        "std": 0.00032853135152199463,
        "lo": 0.048891578393558954,
        "hi": 0.04935619188654612,
        "n": 2
      },
      "human_legibility_index": {
        "mean": 1.9492719789693115e-05,
        "std": 4.049496441185465e-06,
        "lo": 1.6629293395740082e-05,
        "hi": 2.235614618364615e-05,
        "n": 2
      },
      "fold_max_depth": {
        "mean": 10.0,
        "std": 0.0,
        "lo": 10.0,
        "hi": 10.0,
        "n": 2
      },
      "governance_overhead_fraction": {
        "mean": 0.13804852451950772,
        "std": 0.0005425593306340484,
        "lo": 0.13766487713762035,
        "hi": 0.1384321719013951,
        "n": 2
      }
    }
  },
  "medium": {
    "scale": "medium",
    "n_total": 880000,
    "n_pairs": 2000000,
    "n_steps": 200,
    "seeds": [
      {
        "seed": 0,
        "elapsed_sec": 42.27637570799561,
        "final": {
          "exo_baroque_index": 25770405.05525573,
          "gini_wealth": 0.5007944263430398,
          "a2a_share": 0.9999828415059585,
          "real_per_capita_welfare": 0.0047261228550924995,
          "human_legibility_index": 1.715849404155168e-05,
          "fold_max_depth": 10.0,
          "governance_overhead_fraction": 0.13995593292911596
        }
      },
      {
        "seed": 1,
        "elapsed_sec": 39.80589387501823,
        "final": {
          "exo_baroque_index": 25432779.00602818,
          "gini_wealth": 0.4967473495319331,
          "a2a_share": 0.9999813868109511,
          "real_per_capita_welfare": 0.004927618015881164,
          "human_legibility_index": 1.8613189049026497e-05,
          "fold_max_depth": 10.0,
          "governance_overhead_fraction": 0.13862946148360072
        }
      }
    ],
    "summary": {
      "exo_baroque_index": {
        "mean": 25601592.030641954,
        "std": 238737.66891402417,
        "lo": 25432779.00602818,
        "hi": 25770405.05525573,
        "n": 2
      },
      "gini_wealth": {
        "mean": 0.4987708879374865,
        "std": 0.00286171545711639,
        "lo": 0.4967473495319331,
        "hi": 0.5007944263430398,
        "n": 2
      },
      "a2a_share": {
        "mean": 0.9999821141584548,
        "std": 1.0286247043277524e-06,
        "lo": 0.9999813868109511,
        "hi": 0.9999828415059585,
        "n": 2
      },
      "real_per_capita_welfare": {
        "mean": 0.004826870435486832,
        "std": 0.00014247859456993864,
        "lo": 0.0047261228550924995,
        "hi": 0.004927618015881164,
        "n": 2
      },
      "human_legibility_index": {
        "mean": 1.788584154528909e-05,
        "std": 1.028624704343658e-06,
        "lo": 1.715849404155168e-05,
        "hi": 1.8613189049026497e-05,
        "n": 2
      },
      "fold_max_depth": {
        "mean": 10.0,
        "std": 0.0,
        "lo": 10.0,
        "hi": 10.0,
        "n": 2
      },
      "governance_overhead_fraction": {
        "mean": 0.13929269720635834,
        "std": 0.0009379569541741422,
        "lo": 0.13862946148360072,
        "hi": 0.13995593292911596,
        "n": 2
      }
    }
  }
}