{
  "small": {
    "scale": "small",
    "n_total": 88000,
    "n_pairs": 200000,
    "n_steps": 80,
    "seeds": [
      {
        "seed": 0,
        "elapsed_sec": 1.3343990840076003,
        "final": {
          "exo_baroque_index": 16.776334960439915,
          "gini_wealth": 0.4993723508977213,
          "a2a_share": 0.9840512871742249,
          "real_per_capita_welfare": 0.02441365138777085,
          "human_legibility_index": 0.05960777502106918,
          "fold_max_depth": 6.0,
          "governance_overhead_fraction": 0.13866071618050768
        }
      },
      {
        "seed": 1,
        "elapsed_sec": 1.3570695829985198,
        "final": {
          "exo_baroque_index": 16.809482112348938,
          "gini_wealth": 0.4926271682069069,
          "a2a_share": 0.9840482473373413,
          "real_per_capita_welfare": 0.024187961020497865,
          "human_legibility_index": 0.05949023255543125,
          "fold_max_depth": 6.0,
          "governance_overhead_fraction": 0.13810352668060868
        }
      },
      {
        "seed": 2,
        "elapsed_sec": 1.3499402499874122,
        "final": {
          "exo_baroque_index": 16.672024083597407,
          "gini_wealth": 0.49464710346463037,
          "a2a_share": 0.9840471744537354,
          "real_per_capita_welfare": 0.024927482908897604,
          "human_legibility_index": 0.05998071949667103,
          "fold_max_depth": 6.0,
          "governance_overhead_fraction": 0.1380297921881551
        }
      }
    ],
    "summary": {
      "exo_baroque_index": {
        "mean": 16.75261371879542,
        "std": 0.07173353745586228,
        "lo": 16.672024083597407,
        "hi": 16.809482112348938,
        "n": 3
      },
      "gini_wealth": {
        "mean": 0.4955488741897529,
        "std": 0.0034618297493712157,
        "lo": 0.49262716820690694,
        "hi": 0.4993723508977213,
        "n": 3
      },
      "a2a_share": {
        "mean": 0.9840489029884338,
        "std": 2.1333134374825097e-06,
        "lo": 0.9840471744537354,
        "hi": 0.9840512871742249,
        "n": 3
      },
      "real_per_capita_welfare": {
        "mean": 0.024509698439055438,
        "std": 0.00037900123073801134,
        "lo": 0.024187961020497865,
        "hi": 0.024927482908897607,
        "n": 3
      },
      "human_legibility_index": {
        "mean": 0.059692909024390485,
        "std": 0.0002560863307028007,
        "lo": 0.059490232555431254,
        "hi": 0.05998071949667103,
        "n": 3
      },
      "fold_max_depth": {
        "mean": 6.0,
        "std": 0.0,
        "lo": 6.0,
        "hi": 6.0,
        "n": 3
      },
      "governance_overhead_fraction": {
        "mean": 0.13826467834975714,
        "std": 0.00034495458597261284,
        "lo": 0.1380297921881551,
        "hi": 0.13866071618050768,
        "n": 3
      }
    }
  },
  "medium": {
    "scale": "medium",
    "n_total": 880000,
    "n_pairs": 2000000,
    "n_steps": 80,
    "seeds": [
      {
        "seed": 0,
        "elapsed_sec": 13.915220417024102,
        "final": {
          "exo_baroque_index": 16.923282750669124,
          "gini_wealth": 0.5007940820753535,
          "a2a_share": 0.984049916267395,
          "real_per_capita_welfare": 0.002343630203745483,
          "human_legibility_index": 0.05909019040413192,
          "fold_max_depth": 6.0,
          "governance_overhead_fraction": 0.13993479799766814
        }
      },
      {
        "seed": 1,
        "elapsed_sec": 13.838032958010444,
        "final": {
          "exo_baroque_index": 16.76123604556814,
          "gini_wealth": 0.49674701995512527,
          "a2a_share": 0.9840496778488159,
          "real_per_capita_welfare": 0.0024372105753379604,
          "human_legibility_index": 0.05966147110400079,
          "fold_max_depth": 6.0,
          "governance_overhead_fraction": 0.13841568566880375
        }
      },
      {
        "seed": 2,
        "elapsed_sec": 13.815914791979594,
        "final": {
          "exo_baroque_index": 16.82826835802823,
          "gini_wealth": 0.5295139635581897,
          "a2a_share": 0.9840492010116577,
          "real_per_capita_welfare": 0.002411642498038806,
          "human_legibility_index": 0.059423820604984114,
          "fold_max_depth": 6.0,
          "governance_overhead_fraction": 0.13876201908303187
        }
      }
    ],
    "summary": {
      "exo_baroque_index": {
        "mean": 16.837595718088497,
        "std": 0.08142501699595607,
        "lo": 16.76123604556814,
        "hi": 16.923282750669124,
        "n": 3
      },
      "gini_wealth": {
        "mean": 0.5090183551962228,
        "std": 0.017864690021004888,
        "lo": 0.4967470199551253,
        "hi": 0.5295139635581897,
        "n": 3
      },
      "a2a_share": {
        "mean": 0.9840495983759562,
        "std": 3.6419039527224225e-07,
        "lo": 0.9840492010116577,
        "hi": 0.984049916267395,
        "n": 3
      },
      "real_per_capita_welfare": {
        "mean": 0.0023974944257074164,
        "std": 4.836783486850753e-05,
        "lo": 0.002343630203745483,
        "hi": 0.0024372105753379604,
        "n": 3
      },
      "human_legibility_index": {
        "mean": 0.05939182737103894,
        "std": 0.000286980983297444,
        "lo": 0.059090190404131916,
        "hi": 0.059661471104000795,
        "n": 3
      },
      "fold_max_depth": {
        "mean": 6.0,
        "std": 0.0,
        "lo": 6.0,
        "hi": 6.0,
        "n": 3
      },
      "governance_overhead_fraction": {
        "mean": 0.13903750091650124,
        "std": 0.0007961427305173938,
        "lo": 0.13841568566880375,
        "hi": 0.13993479799766814,
        "n": 3
      }
    }
  },
  "large": {
    "scale": "large",
    "n_total": 8800000,
    "n_pairs": 20000000,
    "n_steps": 80,
    "seeds": [
      {
        "seed": 0,
        "elapsed_sec": 192.6134742909926,
        "final": {
          "exo_baroque_index": 16.660900513582018,
          "gini_wealth": 0.4971063618331174,
          "a2a_share": 0.9840494394302368,
          "real_per_capita_welfare": 0.0002493822462082748,
          "human_legibility_index": 0.060020765335270856,
          "fold_max_depth": 6.0,
          "governance_overhead_fraction": 0.1382569737174328
        }
      },
      {
        "seed": 1,
        "elapsed_sec": 192.47713049998856,
        "final": {
          "exo_baroque_index": 16.435881158210876,
          "gini_wealth": 0.49712709560370577,
          "a2a_share": 0.9840493202209473,
          "real_per_capita_welfare": 0.0002682100898914663,
          "human_legibility_index": 0.06084249395417597,
          "fold_max_depth": 6.0,
          "governance_overhead_fraction": 0.1360157187692698
        }
      },
      {
        "seed": 2,
        "elapsed_sec": 192.6973778330139,
        "final": {
          "exo_baroque_index": 17.03552201477893,
          "gini_wealth": 0.5032551253796361,
          "a2a_share": 0.9840493202209473,
          "real_per_capita_welfare": 0.000228888205685991,
          "human_legibility_index": 0.05870087216185473,
          "fold_max_depth": 6.0,
          "governance_overhead_fraction": 0.1404985566261235
        }
      }
    ],
    "summary": {
      "exo_baroque_index": {
        "mean": 16.710767895523944,
        "std": 0.3029147669769895,
        "lo": 16.435881158210876,
        "hi": 17.03552201477893,
        "n": 3
      },
      "gini_wealth": {
        "mean": 0.49916286093881973,
        "std": 0.003544020127269062,
        "lo": 0.49710636183311746,
        "hi": 0.5032551253796361,
        "n": 3
      },
      "a2a_share": {
        "mean": 0.9840493599573771,
        "std": 6.88255154120476e-08,
        "lo": 0.9840493202209473,
        "hi": 0.9840494394302368,
        "n": 3
      },
      "real_per_capita_welfare": {
        "mean": 0.0002488268472619107,
        "std": 1.9666824740140908e-05,
        "lo": 0.000228888205685991,
        "hi": 0.0002682100898914663,
        "n": 3
      },