{
  "small": {
    "scale": "small",
    "n_total": 88000,
    "n_pairs": 200000,
    "n_steps": 200,
    "seeds": [
      {
        "seed": 0,
        "elapsed_sec": 5.375219458015636,
        "final": {
          "exo_baroque_index": 5.078537306796799,
          "gini_wealth": 0.49937793579961937,
          "a2a_share": 0.999986877673674,
          "real_per_capita_welfare": 0.01716400406436411,
          "human_legibility_index": 1.3122326326011071e-05,
          "fold_max_depth": 6.0,
          "governance_overhead_fraction": 0.31988219985617533
        }
      },
      {
        "seed": 1,
        "elapsed_sec": 5.374116750026587,
        "final": {
          "exo_baroque_index": 5.095276301028646,
          "gini_wealth": 0.4926327085943443,
          "a2a_share": 0.9999839762773498,
          "real_per_capita_welfare": 0.016987300658899224,
          "human_legibility_index": 1.6023722650097506e-05,
          "fold_max_depth": 6.0,
          "governance_overhead_fraction": 0.3211245277168627
        }
      }
    ],
    "summary": {
      "exo_baroque_index": {
        "mean": 5.086906803912722,
        "std": 0.011836256331581042,
        "lo": 5.078537306796799,
        "hi": 5.095276301028646,
        "n": 2
      },
      "gini_wealth": {
        "mean": 0.49600532219698185,
        "std": 0.004769595897493965,
        "lo": 0.4926327085943443,
        "hi": 0.49937793579961937,
        "n": 2
      },
      "a2a_share": {
        "mean": 0.999985426975512,
        "std": 2.051597015748207e-06,
        "lo": 0.9999839762773498,
        "hi": 0.999986877673674,
        "n": 2
      },
      "real_per_capita_welfare": {
        "mean": 0.017075652361631666,
        "std": 0.0001249481762629781,
        "lo": 0.016987300658899224,
        "hi": 0.01716400406436411,
        "n": 2
      },
      "human_legibility_index": {
        "mean": 1.4573024488054289e-05,
        "std": 2.0515970156712404e-06,
        "lo": 1.3122326326011071e-05,
        "hi": 1.6023722650097506e-05,
        "n": 2
      },
      "fold_max_depth": {
        "mean": 6.0,
        "std": 0.0,
        "lo": 6.0,
        "hi": 6.0,
        "n": 2
      },
      "governance_overhead_fraction": {
        "mean": 0.320503363786519,
        "std": 0.0008784584547489962,
        "lo": 0.31988219985617533,
        "hi": 0.3211245277168627,
        "n": 2
      }
    }
  },
  "medium": {
    "scale": "medium",
    "n_total": 880000,
    "n_pairs": 2000000,
    "n_steps": 200,
    "seeds": [
      {
        "seed": 0,
        "elapsed_sec": 56.2999604580109,
        "final": {
          "exo_baroque_index": 5.153415052579324,
          "gini_wealth": 0.5007948846089423,
          "a2a_share": 0.9999866167919113,
          "real_per_capita_welfare": 0.0016358564911506902,
          "human_legibility_index": 1.338320808881097e-05,
          "fold_max_depth": 6.0,
          "governance_overhead_fraction": 0.32275006167379566
        }
      },
      {
        "seed": 1,
        "elapsed_sec": 56.51404316700064,
        "final": {
          "exo_baroque_index": 5.069030775915219,
          "gini_wealth": 0.496747861512884,
          "a2a_share": 0.999986294086371,
          "real_per_capita_welfare": 0.0017142519724191545,
          "human_legibility_index": 1.3705913629113251e-05,
          "fold_max_depth": 6.0,
          "governance_overhead_fraction": 0.3213482431320118
        }
      }
    ],
    "summary": {
      "exo_baroque_index": {
        "mean": 5.111222914247271,
        "std": 0.059668694254710365,
        "lo": 5.069030775915219,
        "hi": 5.153415052579324,
        "n": 2
      },
      "gini_wealth": {
        "mean": 0.4987713730609131,
        "std": 0.002861677474841369,
        "lo": 0.496747861512884,
        "hi": 0.5007948846089423,
        "n": 2
      },
      "a2a_share": {
        "mean": 0.9999864554391411,
        "std": 2.2818727586545877e-07,
        "lo": 0.999986294086371,
        "hi": 0.9999866167919113,
        "n": 2
      },
      "real_per_capita_welfare": {
        "mean": 0.0016750542317849225,
        "std": 5.543397641931407e-05,
        "lo": 0.0016358564911506902,
        "hi": 0.0017142519724191545,
        "n": 2
      },
      "human_legibility_index": {
        "mean": 1.3544560858962112e-05,
        "std": 2.2818727587421172e-07,
        "lo": 1.338320808881097e-05,
        "hi": 1.3705913629113251e-05,
        "n": 2
      },
      "fold_max_depth": {
        "mean": 6.0,
        "std": 0.0,
        "lo": 6.0,
        "hi": 6.0,
        "n": 2
      },
      "governance_overhead_fraction": {
        "mean": 0.32204915240290377,
        "std": 0.0009912353968883902,
        "lo": 0.3213482431320118,
        "hi": 0.32275006167379566,
        "n": 2
      }
    }
  }
}