{
  "small": {
    "scale": "small",
    "n_total": 88000,
    "n_pairs": 200000,
    "n_steps": 60,
    "seeds": [
      {
        "seed": 0,
        "elapsed_sec": 0.9886209999967832,
        "final": {
          "exo_baroque_index": 4.055384794541553,
          "gini_wealth": 0.49937535256579485,
          "a2a_share": 0.9840512871742249,
          "real_per_capita_welfare": 0.016062673306340328,
          "human_legibility_index": 0.24658572507002915,
          "fold_max_depth": 6.0,
          "governance_overhead_fraction": 0.13753926352348017
        }
      },
      {
        "seed": 1,
        "elapsed_sec": 1.0127044589899015,
        "final": {
          "exo_baroque_index": 4.063190092527783,
          "gini_wealth": 0.49263014224865187,
          "a2a_share": 0.9840482473373413,
          "real_per_capita_welfare": 0.015913167462565353,
          "human_legibility_index": 0.2461120393650798,
          "fold_max_depth": 6.0,
          "governance_overhead_fraction": 0.13925873464211544
        }
      },
      {
        "seed": 2,
        "elapsed_sec": 1.000031667004805,
        "final": {
          "exo_baroque_index": 4.036328519053395,
          "gini_wealth": 0.49465017333444095,
          "a2a_share": 0.9840471744537354,
          "real_per_capita_welfare": 0.01640082694355047,
          "human_legibility_index": 0.24774990323000798,
          "fold_max_depth": 6.0,
          "governance_overhead_fraction": 0.13772205080058228
        }
      }
    ],
    "summary": {
      "exo_baroque_index": {
        "mean": 4.051634468707577,
        "std": 0.013817913745414976,
        "lo": 4.036328519053395,
        "hi": 4.063190092527783,
        "n": 3
      },
      "gini_wealth": {
        "mean": 0.4955518893829625,
        "std": 0.003461832524797249,
        "lo": 0.49263014224865187,
        "hi": 0.49937535256579485,
        "n": 3
      },
      "a2a_share": {
        "mean": 0.9840489029884338,
        "std": 2.1333134374825097e-06,
        "lo": 0.9840471744537354,
        "hi": 0.9840512871742249,
        "n": 3
      },
      "real_per_capita_welfare": {
        "mean": 0.016125555904152048,
        "std": 0.00024983716332709944,
        "lo": 0.015913167462565353,
        "hi": 0.01640082694355047,
        "n": 3
      },
      "human_legibility_index": {
        "mean": 0.24681588922170564,
        "std": 0.0008428411253297285,
        "lo": 0.24611203936507983,
        "hi": 0.24774990323000798,
        "n": 3
      },
      "fold_max_depth": {
        "mean": 6.0,
        "std": 0.0,
        "lo": 6.0,
        "hi": 6.0,
        "n": 3
      },
      "governance_overhead_fraction": {
        "mean": 0.13817334965539263,
        "std": 0.0009444036341628803,
        "lo": 0.13753926352348017,
        "hi": 0.13925873464211544,
        "n": 3
      }
    }
  },
  "medium": {
    "scale": "medium",
    "n_total": 880000,
    "n_pairs": 2000000,
    "n_steps": 60,
    "seeds": [
      {
        "seed": 0,
        "elapsed_sec": 10.496459957998013,
        "final": {
          "exo_baroque_index": 4.090080912684221,
          "gini_wealth": 0.500794393868629,
          "a2a_share": 0.984049916267395,
          "real_per_capita_welfare": 0.0015424479913183225,
          "human_legibility_index": 0.2444939406696784,
          "fold_max_depth": 6.0,
          "governance_overhead_fraction": 0.13995181028367978
        }
      },
      {
        "seed": 1,
        "elapsed_sec": 10.371980916010216,
        "final": {
          "exo_baroque_index": 4.054977801204635,
          "gini_wealth": 0.4967473448325618,
          "a2a_share": 0.9840496778488159,
          "real_per_capita_welfare": 0.001603846687575135,
          "human_legibility_index": 0.24661047458827626,
          "fold_max_depth": 6.0,
          "governance_overhead_fraction": 0.13867881693991366
        }
      },
      {
        "seed": 2,
        "elapsed_sec": 10.414440167020075,
        "final": {
          "exo_baroque_index": 4.068084538303113,
          "gini_wealth": 0.5295142792334286,
          "a2a_share": 0.9840492010116577,
          "real_per_capita_welfare": 0.0015869783040093743,
          "human_legibility_index": 0.24581593390807996,
          "fold_max_depth": 6.0,
          "governance_overhead_fraction": 0.1390493162988732
        }
      }
    ],
    "summary": {
      "exo_baroque_index": {
        "mean": 4.071047750730656,
        "std": 0.017738167318105874,
        "lo": 4.054977801204635,
        "hi": 4.090080912684221,
        "n": 3
      },
      "gini_wealth": {
        "mean": 0.5090186726448732,
        "std": 0.017864687754050246,
        "lo": 0.49674734483256183,
        "hi": 0.5295142792334286,
        "n": 3
      },
      "a2a_share": {
        "mean": 0.9840495983759562,
        "std": 3.6419039527224225e-07,
        "lo": 0.9840492010116577,
        "hi": 0.984049916267395,
        "n": 3
      },
      "real_per_capita_welfare": {
        "mean": 0.0015777576609676107,
        "std": 3.172089483426969e-05,
        "lo": 0.0015424479913183225,
        "hi": 0.001603846687575135,
        "n": 3
      },
      "human_legibility_index": {
        "mean": 0.24564011638867822,
        "std": 0.0010691645370289142,
        "lo": 0.24449394066967836,
        "hi": 0.24661047458827626,
        "n": 3
      },
      "fold_max_depth": {
        "mean": 6.0,
        "std": 0.0,
        "lo": 6.0,
        "hi": 6.0,
        "n": 3
      },
      "governance_overhead_fraction": {
        "mean": 0.1392266478408222,
        "std": 0.0006547616895831072,
        "lo": 0.13867881693991366,
        "hi": 0.13995181028367978,
        "n": 3
      }
    }
  },
  "large": {
    "scale": "large",
    "n_total": 8800000,
    "n_pairs": 20000000,
    "n_steps": 60,
    "seeds": [
      {
        "seed": 0,
        "elapsed_sec": 145.07276387501042,
        "final": {
          "exo_baroque_index": 4.033066002280578,
          "gini_wealth": 0.4971063618337974,
          "a2a_share": 0.9840494394302368,
          "real_per_capita_welfare": 0.0001640706512255944,
          "human_legibility_index": 0.2479503185503361,
          "fold_max_depth": 6.0,
          "governance_overhead_fraction": 0.13818754696220995
        }
      },
      {
        "seed": 1,
        "elapsed_sec": 145.56655141699594,
        "final": {
          "exo_baroque_index": 3.9814663305232276,
          "gini_wealth": 0.4971270956054233,
          "a2a_share": 0.9840493202209473,
          "real_per_capita_welfare": 0.0001764078733368302,
          "human_legibility_index": 0.2511637464653843,
          "fold_max_depth": 6.0,
          "governance_overhead_fraction": 0.13609429031541204
        }
      },
      {
        "seed": 2,
        "elapsed_sec": 144.76324633302283,
        "final": {
          "exo_baroque_index": 4.11417123813002,
          "gini_wealth": 0.5032551253796489,
          "a2a_share": 0.9840493202209473,
          "real_per_capita_welfare": 0.00015067052289853263,
          "human_legibility_index": 0.2430623185374563,
          "fold_max_depth": 6.0,
          "governance_overhead_fraction": 0.1403662721178703
        }
      }
    ],
    "summary": {
      "exo_baroque_index": {
        "mean": 4.042901190311276,
        "std": 0.06689690813805395,
        "lo": 3.9814663305232276,
        "hi": 4.11417123813002,
        "n": 3
      },
      "gini_wealth": {
        "mean": 0.4991628609396232,
        "std": 0.0035440201265858474,
        "lo": 0.4971063618337974,
        "hi": 0.5032551253796489,
        "n": 3
      },
      "a2a_share": {
        "mean": 0.9840493599573771,
        "std": 6.88255154120476e-08,
        "lo": 0.9840493202209473,
        "hi": 0.9840494394302368,
        "n": 3
      },
      "real_per_capita_welfare": {
        "mean": 0.00016371634915365242,
        "std": 1.2872332708742838e-05,
        "lo": 0.00015067052289853263,
        "hi": 0.0001764078733368302,
        "n": 3
      },