{
  "small": {
    "scale": "small",
    "n_total": 88000,
    "n_pairs": 200000,
    "n_steps": 200,
    "seeds": [
      {
        "seed": 0,
        "elapsed_sec": 3.919245291966945,
        "final": {
          "exo_baroque_index": 4.401463064473948,
          "gini_wealth": 0.4993713614698973,
          "a2a_share": 0.9999832175864776,
          "real_per_capita_welfare": 0.051865122705746794,
          "human_legibility_index": 1.678241352239861e-05,
          "fold_max_depth": 6.0,
          "governance_overhead_fraction": 0.1384321719013951
        }
      },
      {
        "seed": 1,
        "elapsed_sec": 3.9483904159860685,
        "final": {
          "exo_baroque_index": 4.409488733423187,
          "gini_wealth": 0.49262617600065123,
          "a2a_share": 0.9999782671464453,
          "real_per_capita_welfare": 0.05141279526804357,
          "human_legibility_index": 2.173285355471866e-05,
          "fold_max_depth": 6.0,
          "governance_overhead_fraction": 0.13766487713762035
        }
      }
    ],
    "summary": {
      "exo_baroque_index": {
        "mean": 4.405475898948567,
        "std": 0.005675004937565255,
        "lo": 4.401463064473948,
        "hi": 4.409488733423187,
        "n": 2
      },
      "gini_wealth": {
        "mean": 0.49599876873527426,
        "std": 0.004769566385664863,
        "lo": 0.49262617600065123,
        "hi": 0.4993713614698973,
        "n": 2
      },
      "a2a_share": {
        "mean": 0.9999807423664615,
        "std": 3.5004897166517353e-06,
        "lo": 0.9999782671464453,
        "hi": 0.9999832175864776,
        "n": 2
      },
      "real_per_capita_welfare": {
        "mean": 0.05163895898689518,
        "std": 0.0003198437985166848,
        "lo": 0.05141279526804357,
        "hi": 0.051865122705746794,
        "n": 2
      },
      "human_legibility_index": {
        "mean": 1.9257633538558636e-05,
        "std": 3.5004897167108577e-06,
        "lo": 1.678241352239861e-05,
        "hi": 2.173285355471866e-05,
        "n": 2
      },
      "fold_max_depth": {
        "mean": 6.0,
        "std": 0.0,
        "lo": 6.0,
        "hi": 6.0,
        "n": 2
      },
      "governance_overhead_fraction": {
        "mean": 0.13804852451950772,
        "std": 0.0005425593306340484,
        "lo": 0.13766487713762035,
        "hi": 0.1384321719013951,
        "n": 2
      }
    }
  },
  "medium": {
    "scale": "medium",
    "n_total": 880000,
    "n_pairs": 2000000,
    "n_steps": 200,
    "seeds": [
      {
        "seed": 0,
        "elapsed_sec": 41.43066737498157,
        "final": {
          "exo_baroque_index": 4.440694657618042,
          "gini_wealth": 0.5007945050434659,
          "a2a_share": 0.9999825940696618,
          "real_per_capita_welfare": 0.004981509650623051,
          "human_legibility_index": 1.7405930338211e-05,
          "fold_max_depth": 6.0,
          "governance_overhead_fraction": 0.13995593292911593
        }
      },
      {
        "seed": 1,
        "elapsed_sec": 40.79426020797109,
        "final": {
          "exo_baroque_index": 4.401079516795618,
          "gini_wealth": 0.4967474361998621,
          "a2a_share": 0.9999809805374775,
          "real_per_capita_welfare": 0.005177585264911443,
          "human_legibility_index": 1.9019462522460895e-05,
          "fold_max_depth": 6.0,
          "governance_overhead_fraction": 0.13862946148360072
        }
      }
    ],
    "summary": {
      "exo_baroque_index": {
        "mean": 4.420887087206831,
        "std": 0.028012134713196274,
        "lo": 4.401079516795618,
        "hi": 4.440694657618042,
        "n": 2
      },
      "gini_wealth": {
        "mean": 0.498770970621664,
        "std": 0.0028617098232410357,
        "lo": 0.4967474361998621,
        "hi": 0.5007945050434659,
        "n": 2
      },
      "a2a_share": {
        "mean": 0.9999817873035697,
        "std": 1.1409395491869585e-06,
        "lo": 0.9999809805374775,
        "hi": 0.9999825940696618,
        "n": 2
      },
      "real_per_capita_welfare": {
        "mean": 0.005079547457767247,
        "std": 0.00013864639648863947,
        "lo": 0.004981509650623051,
        "hi": 0.005177585264911443,
        "n": 2
      },
      "human_legibility_index": {
        "mean": 1.8212696430335948e-05,
        "std": 1.1409395491458425e-06,
        "lo": 1.7405930338211e-05,
        "hi": 1.9019462522460895e-05,
        "n": 2
      },
      "fold_max_depth": {
        "mean": 6.0,
        "std": 0.0,
        "lo": 6.0,
        "hi": 6.0,
        "n": 2
      },
      "governance_overhead_fraction": {
        "mean": 0.13929269720635834,
        "std": 0.0009379569541741226,
        "lo": 0.13862946148360072,
        "hi": 0.13995593292911593,
        "n": 2
      }
    }
  }
}