{
  "small": {
    "scale": "small",
    "n_total": 128000,
    "n_pairs": 300000,
    "n_steps": 200,
    "seeds": [
      {
        "seed": 0,
        "elapsed_sec": 6.188941749976948,
        "final": {
          "exo_baroque_index": 6.273011879438613,
          "gini_wealth": 0.49805470552719255,
          "a2a_share": 0.9999749940604644,
          "real_per_capita_welfare": 0.03799663883644407,
          "human_legibility_index": 2.50059395356241e-05,
          "fold_max_depth": 6.0,
          "governance_overhead_fraction": 0.1380669713851194
        }
      },
      {
        "seed": 1,
        "elapsed_sec": 6.2397839579498395,
        "final": {
          "exo_baroque_index": 6.2563021612606935,
          "gini_wealth": 0.4825110956807842,
          "a2a_share": 0.9999718358922596,
          "real_per_capita_welfare": 0.03831815556104958,
          "human_legibility_index": 2.8164107740206984e-05,
          "fold_max_depth": 6.0,
          "governance_overhead_fraction": 0.1381579868577747
        }
      }
    ],
    "summary": {
      "exo_baroque_index": {
        "mean": 6.264657020349653,
        "std": 0.011815555035322958,
        "lo": 6.2563021612606935,
        "hi": 6.273011879438613,
        "n": 2
      },
      "gini_wealth": {
        "mean": 0.4902829006039884,
        "std": 0.010990991926513332,
        "lo": 0.4825110956807842,
        "hi": 0.49805470552719255,
        "n": 2
      },
      "a2a_share": {
        "mean": 0.9999734149763619,
        "std": 2.2331621537715584e-06,
        "lo": 0.9999718358922596,
        "hi": 0.9999749940604644,
        "n": 2
      },
      "real_per_capita_welfare": {
        "mean": 0.03815739719874683,
        "std": 0.00022734665623344268,
        "lo": 0.03799663883644407,
        "hi": 0.03831815556104958,
        "n": 2
      },
      "human_legibility_index": {
        "mean": 2.6585023637915542e-05,
        "std": 2.233162153588301e-06,
        "lo": 2.50059395356241e-05,
        "hi": 2.8164107740206984e-05,
        "n": 2
      },
      "fold_max_depth": {
        "mean": 6.0,
        "std": 0.0,
        "lo": 6.0,
        "hi": 6.0,
        "n": 2
      },
      "governance_overhead_fraction": {
        "mean": 0.13811247912144703,
        "std": 6.435765790746398e-05,
        "lo": 0.1380669713851194,
        "hi": 0.1381579868577747,
        "n": 2
      }
    }
  },
  "medium": {
    "scale": "medium",
    "n_total": 1280000,
    "n_pairs": 3000000,
    "n_steps": 200,
    "seeds": [
      {
        "seed": 0,
        "elapsed_sec": 66.24020870798267,
        "final": {
          "exo_baroque_index": 6.241003102281965,
          "gini_wealth": 0.4985446100985893,
          "a2a_share": 0.9999727086373146,
          "real_per_capita_welfare": 0.0038507832493781327,
          "human_legibility_index": 2.729136268538368e-05,
          "fold_max_depth": 6.0,
          "governance_overhead_fraction": 0.13711775391856845
        }
      },
      {
        "seed": 1,
        "elapsed_sec": 65.398633875011,
        "final": {
          "exo_baroque_index": 6.161818268930293,
          "gini_wealth": 0.4985674801456198,
          "a2a_share": 0.9999722445469986,
          "real_per_capita_welfare": 0.0040538718753854175,
          "human_legibility_index": 2.7755453001386614e-05,
          "fold_max_depth": 6.0,
          "governance_overhead_fraction": 0.13552588139481855
        }
      }
    ],
    "summary": {
      "exo_baroque_index": {
        "mean": 6.201410685606129,
        "std": 0.05599213263009383,
        "lo": 6.161818268930293,
        "hi": 6.241003102281965,
        "n": 2
      },
      "gini_wealth": {
        "mean": 0.49855604512210455,
        "std": 1.617156534132095e-05,
        "lo": 0.4985446100985893,
        "hi": 0.4985674801456198,
        "n": 2
      },
      "a2a_share": {
        "mean": 0.9999724765921566,
        "std": 3.2816140949460046e-07,
        "lo": 0.9999722445469986,
        "hi": 0.9999727086373146,
        "n": 2
      },
      "real_per_capita_welfare": {
        "mean": 0.003952327562381775,
        "std": 0.0001436053446316097,
        "lo": 0.0038507832493781327,
        "hi": 0.0040538718753854175,
        "n": 2
      },
      "human_legibility_index": {
        "mean": 2.7523407843385146e-05,
        "std": 3.281614095286827e-07,
        "lo": 2.729136268538368e-05,
        "hi": 2.7755453001386614e-05,
        "n": 2
      },
      "fold_max_depth": {
        "mean": 6.0,
        "std": 0.0,
        "lo": 6.0,
        "hi": 6.0,
        "n": 2
      },
      "governance_overhead_fraction": {
        "mean": 0.1363218176566935,
        "std": 0.0011256238563280968,
        "lo": 0.13552588139481855,
        "hi": 0.13711775391856845,
        "n": 2
      }
    }
  }
}