{
  "small": {
    "scale": "small",
    "n_total": 66000,
    "n_pairs": 200000,
    "n_steps": 200,
    "seeds": [
      {
        "seed": 0,
        "elapsed_sec": 3.891329334001057,
        "final": {
          "exo_baroque_index": 16.696224483439288,
          "gini_wealth": 0.505637528048592,
          "a2a_share": 0.9999810433492371,
          "real_per_capita_welfare": 0.16956542387643034,
          "human_legibility_index": 1.8956650762807244e-05,
          "fold_max_depth": 6.0,
          "governance_overhead_fraction": 0.13843842702509415
        }
      },
      {
        "seed": 1,
        "elapsed_sec": 3.8196092500002123,
        "final": {
          "exo_baroque_index": 16.35430700214353,
          "gini_wealth": 0.494514507890586,
          "a2a_share": 0.9999799822655172,
          "real_per_capita_welfare": 0.1875190404521001,
          "human_legibility_index": 2.00177344827016e-05,
          "fold_max_depth": 6.0,
          "governance_overhead_fraction": 0.1359259133308963
        }
      }
    ],
    "summary": {
      "exo_baroque_index": {
        "mean": 16.525265742791408,
        "std": 0.2417721696304559,
        "lo": 16.35430700214353,
        "hi": 16.696224483439288,
        "n": 2
      },
      "gini_wealth": {
        "mean": 0.500076017969589,
        "std": 0.007865162981000692,
        "lo": 0.494514507890586,
        "hi": 0.505637528048592,
        "n": 2
      },
      "a2a_share": {
        "mean": 0.9999805128073771,
        "std": 7.50299493740002e-07,
        "lo": 0.9999799822655172,
        "hi": 0.9999810433492371,
        "n": 2
      },
      "real_per_capita_welfare": {
        "mean": 0.17854223216426524,
        "std": 0.012695124027479295,
        "lo": 0.16956542387643034,
        "hi": 0.1875190404521001,
        "n": 2
      },
      "human_legibility_index": {
        "mean": 1.9487192622754422e-05,
        "std": 7.502994937439454e-07,
        "lo": 1.8956650762807244e-05,
        "hi": 2.00177344827016e-05,
        "n": 2
      },
      "fold_max_depth": {
        "mean": 6.0,
        "std": 0.0,
        "lo": 6.0,
        "hi": 6.0,
        "n": 2
      },
      "governance_overhead_fraction": {
        "mean": 0.13718217017799522,
        "std": 0.0017766154709913703,
        "lo": 0.1359259133308963,
        "hi": 0.13843842702509415,
        "n": 2
      }
    }
  },
  "medium": {
    "scale": "medium",
    "n_total": 660000,
    "n_pairs": 2000000,
    "n_steps": 200,
    "seeds": [
      {
        "seed": 0,
        "elapsed_sec": 39.55720029200893,
        "final": {
          "exo_baroque_index": 16.565679381878375,
          "gini_wealth": 0.5013207361110841,
          "a2a_share": 0.999980923643168,
          "real_per_capita_welfare": 0.01763582343583592,
          "human_legibility_index": 1.90763568319317e-05,
          "fold_max_depth": 6.0,
          "governance_overhead_fraction": 0.1381410491870006
        }
      },
      {
        "seed": 1,
        "elapsed_sec": 39.012314999999944,
        "final": {
          "exo_baroque_index": 16.683693482047644,
          "gini_wealth": 0.49727811092878704,
          "a2a_share": 0.9999794272537728,
          "real_per_capita_welfare": 0.01697589010899248,
          "human_legibility_index": 2.0572746227093416e-05,
          "fold_max_depth": 6.0,
          "governance_overhead_fraction": 0.139070435292593
        }
      }
    ],
    "summary": {
      "exo_baroque_index": {
        "mean": 16.62468643196301,
        "std": 0.08344857050531855,
        "lo": 16.565679381878375,
        "hi": 16.683693482047644,
        "n": 2
      },
      "gini_wealth": {
        "mean": 0.49929942351993556,
        "std": 0.0028585676801977347,
        "lo": 0.49727811092878704,
        "hi": 0.5013207361110841,
        "n": 2
      },
      "a2a_share": {
        "mean": 0.9999801754484704,
        "std": 1.0581070887006106e-06,
        "lo": 0.9999794272537728,
        "hi": 0.999980923643168,
        "n": 2
      },
      "real_per_capita_welfare": {
        "mean": 0.0173058567724142,
        "std": 0.00046664333054199654,
        "lo": 0.01697589010899248,
        "hi": 0.01763582343583592,
        "n": 2
      },
      "human_legibility_index": {
        "mean": 1.9824551529512556e-05,
        "std": 1.058107088614485e-06,
        "lo": 1.90763568319317e-05,
        "hi": 2.0572746227093416e-05,
        "n": 2
      },
      "fold_max_depth": {
        "mean": 6.0,
        "std": 0.0,
        "lo": 6.0,
        "hi": 6.0,
        "n": 2
      },
      "governance_overhead_fraction": {
        "mean": 0.1386057422397968,
        "std": 0.0006571752176049428,
        "lo": 0.1381410491870006,
        "hi": 0.139070435292593,
        "n": 2
      }
    }
  }
}