{
  "small": {
    "scale": "small",
    "n_total": 88000,
    "n_pairs": 200000,
    "n_steps": 80,
    "seeds": [
      {
        "seed": 0,
        "elapsed_sec": 1.3154029169818386,
        "final": {
          "exo_baroque_index": 19.08133024846497,
          "gini_wealth": 0.49937238716591076,
          "a2a_share": 0.9840512871742249,
          "real_per_capita_welfare": 0.02425401522521652,
          "human_legibility_index": 0.052407247659289724,
          "fold_max_depth": 6.0,
          "governance_overhead_fraction": 0.13866071618050768
        }
      },
      {
        "seed": 1,
        "elapsed_sec": 1.349267375015188,
        "final": {
          "exo_baroque_index": 19.119236720683386,
          "gini_wealth": 0.4926272049970632,
          "a2a_share": 0.9840482473373413,
          "real_per_capita_welfare": 0.0240290569106712,
          "human_legibility_index": 0.0523033432039779,
          "fold_max_depth": 6.0,
          "governance_overhead_fraction": 0.1381035266806087
        }
      },
      {
        "seed": 2,
        "elapsed_sec": 1.314246624999214,
        "final": {
          "exo_baroque_index": 18.964330216453998,
          "gini_wealth": 0.4946471399210357,
          "a2a_share": 0.9840471744537354,
          "real_per_capita_welfare": 0.024766558408367643,
          "human_legibility_index": 0.05273057305933068,
          "fold_max_depth": 6.0,
          "governance_overhead_fraction": 0.13802979218815506
        }
      }
    ],
    "summary": {
      "exo_baroque_index": {
        "mean": 19.054965728534118,
        "std": 0.08074851203911135,
        "lo": 18.964330216453998,
        "hi": 19.119236720683386,
        "n": 3
      },
      "gini_wealth": {
        "mean": 0.49554891069466994,
        "std": 0.0034618295045929647,
        "lo": 0.4926272049970632,
        "hi": 0.49937238716591076,
        "n": 3
      },
      "a2a_share": {
        "mean": 0.9840489029884338,
        "std": 2.1333134374825097e-06,
        "lo": 0.9840471744537354,
        "hi": 0.9840512871742249,
        "n": 3
      },
      "real_per_capita_welfare": {
        "mean": 0.024349876848085122,
        "std": 0.00037798042651753145,
        "lo": 0.0240290569106712,
        "hi": 0.024766558408367643,
        "n": 3
      },
      "human_legibility_index": {
        "mean": 0.05248038797419943,
        "std": 0.00022280813848468085,
        "lo": 0.0523033432039779,
        "hi": 0.05273057305933068,
        "n": 3
      },
      "fold_max_depth": {
        "mean": 6.0,
        "std": 0.0,
        "lo": 6.0,
        "hi": 6.0,
        "n": 3
      },
      "governance_overhead_fraction": {
        "mean": 0.13826467834975717,
        "std": 0.0003449545859726158,
        "lo": 0.13802979218815506,
        "hi": 0.13866071618050768,
        "n": 3
      }
    }
  },
  "medium": {
    "scale": "medium",
    "n_total": 880000,
    "n_pairs": 2000000,
    "n_steps": 80,
    "seeds": [
      {
        "seed": 0,
        "elapsed_sec": 13.820761292008683,
        "final": {
          "exo_baroque_index": 19.251782569103156,
          "gini_wealth": 0.5007940868686279,
          "a2a_share": 0.984049916267395,
          "real_per_capita_welfare": 0.002328001177929482,
          "human_legibility_index": 0.051943241952300157,
          "fold_max_depth": 6.0,
          "governance_overhead_fraction": 0.13993479799766814
        }
      },
      {
        "seed": 1,
        "elapsed_sec": 13.745681291999063,
        "final": {
          "exo_baroque_index": 19.065270872318365,
          "gini_wealth": 0.49674702469804416,
          "a2a_share": 0.9840496778488159,
          "real_per_capita_welfare": 0.002421285639315959,
          "human_legibility_index": 0.05245139220402792,
          "fold_max_depth": 6.0,
          "governance_overhead_fraction": 0.13841568566880377
        }
      },
      {
        "seed": 2,
        "elapsed_sec": 13.713450499984901,
        "final": {
          "exo_baroque_index": 19.142658458672507,
          "gini_wealth": 0.5295139682672992,
          "a2a_share": 0.9840492010116577,
          "real_per_capita_welfare": 0.0023957646384969193,
          "human_legibility_index": 0.052239348163627394,
          "fold_max_depth": 6.0,
          "governance_overhead_fraction": 0.13876201908303187
        }
      }
    ],
    "summary": {
      "exo_baroque_index": {
        "mean": 19.153237300031343,
        "std": 0.09370478735239209,
        "lo": 19.065270872318365,
        "hi": 19.251782569103156,
        "n": 3
      },
      "gini_wealth": {
        "mean": 0.509018359944657,
        "std": 0.017864689990019715,
        "lo": 0.49674702469804416,
        "hi": 0.5295139682672992,
        "n": 3
      },
      "a2a_share": {
        "mean": 0.9840495983759562,
        "std": 3.6419039527224225e-07,
        "lo": 0.9840492010116577,
        "hi": 0.984049916267395,
        "n": 3
      },
      "real_per_capita_welfare": {
        "mean": 0.002381683818580787,
        "std": 4.820995541560061e-05,
        "lo": 0.002328001177929482,
        "hi": 0.002421285639315959,
        "n": 3
      },
      "human_legibility_index": {
        "mean": 0.052211327439985154,
        "std": 0.0002552313466207141,
        "lo": 0.051943241952300157,
        "hi": 0.05245139220402792,
        "n": 3
      },
      "fold_max_depth": {
        "mean": 6.0,
        "std": 0.0,
        "lo": 6.0,
        "hi": 6.0,
        "n": 3
      },
      "governance_overhead_fraction": {
        "mean": 0.13903750091650127,
        "std": 0.0007961427305173829,
        "lo": 0.13841568566880377,
        "hi": 0.13993479799766814,
        "n": 3
      }
    }
  },
  "large": {
    "scale": "large",
    "n_total": 8800000,
    "n_pairs": 20000000,
    "n_steps": 80,
    "seeds": [
      {
        "seed": 0,
        "elapsed_sec": 189.60569604099146,
        "final": {
          "exo_baroque_index": 18.94939720361581,
          "gini_wealth": 0.4971063618331417,
          "a2a_share": 0.9840494394302368,
          "real_per_capita_welfare": 0.0002477735385425464,
          "human_legibility_index": 0.052772127221502645,
          "fold_max_depth": 6.0,
          "governance_overhead_fraction": 0.1382569737174328
        }
      },
      {
        "seed": 1,
        "elapsed_sec": 190.89670104102697,
        "final": {
          "exo_baroque_index": 18.6895718190366,
          "gini_wealth": 0.49712709560378593,
          "a2a_share": 0.9840493202209473,
          "real_per_capita_welfare": 0.00026653301411552597,
          "human_legibility_index": 0.05350577368398734,
          "fold_max_depth": 6.0,
          "governance_overhead_fraction": 0.13601571876926977
        }
      },
      {
        "seed": 2,
        "elapsed_sec": 193.26316583302105,
        "final": {
          "exo_baroque_index": 19.381869417784095,
          "gini_wealth": 0.5032551253796361,
          "a2a_share": 0.9840493202209473,
          "real_per_capita_welfare": 0.00022734085273181615,
          "human_legibility_index": 0.05159461032600068,
          "fold_max_depth": 6.0,
          "governance_overhead_fraction": 0.14049855662612348
        }
      }
    ],
    "summary": {
      "exo_baroque_index": {
        "mean": 19.00694614681217,
        "std": 0.34971831801487024,
        "lo": 18.6895718190366,
        "hi": 19.381869417784095,
        "n": 3
      },
      "gini_wealth": {
        "mean": 0.49916286093885454,
        "std": 0.0035440201272389856,
        "lo": 0.4971063618331417,
        "hi": 0.5032551253796361,
        "n": 3
      },
      "a2a_share": {
        "mean": 0.9840493599573771,
        "std": 6.88255154120476e-08,
        "lo": 0.9840493202209473,
        "hi": 0.9840494394302368,
        "n": 3
      },
      "real_per_capita_welfare": {
        "mean": 0.00024721580179662954,
        "std": 1.9602032578026143e-05,
        "lo": 0.00022734085273181615,
        "hi": 0.00026653301411552597,
        "n": 3
      },