{
  "small": {
    "scale": "small",
    "n_total": 88000,
    "n_pairs": 200000,
    "n_steps": 60,
    "seeds": [
      {
        "seed": 0,
        "elapsed_sec": 0.9862169999978505,
        "final": {
          "exo_baroque_index": 337.0730396666049,
          "gini_wealth": 0.49937847961139553,
          "a2a_share": 0.9840512871742249,
          "real_per_capita_welfare": 0.005826300587951088,
          "human_legibility_index": 0.002966716059489921,
          "fold_max_depth": 6.0,
          "governance_overhead_fraction": 0.13753926352348017
        }
      },
      {
        "seed": 1,
        "elapsed_sec": 0.9968905829882715,
        "final": {
          "exo_baroque_index": 337.6941964956998,
          "gini_wealth": 0.4926332325883567,
          "a2a_share": 0.9840482473373413,
          "real_per_capita_welfare": 0.005794188412973583,
          "human_legibility_index": 0.002961259063309766,
          "fold_max_depth": 6.0,
          "governance_overhead_fraction": 0.13925873464211544
        }
      },
      {
        "seed": 2,
        "elapsed_sec": 1.013579958002083,
        "final": {
          "exo_baroque_index": 334.1587851137785,
          "gini_wealth": 0.4946533803507728,
          "a2a_share": 0.9840471744537354,
          "real_per_capita_welfare": 0.005926536302434724,
          "human_legibility_index": 0.002992589285538334,
          "fold_max_depth": 6.0,
          "governance_overhead_fraction": 0.13772205080058228
        }
      }
    ],
    "summary": {
      "exo_baroque_index": {
        "mean": 336.3086737586944,
        "std": 1.8875843930104494,
        "lo": 334.1587851137785,
        "hi": 337.6941964956998,
        "n": 3
      },
      "gini_wealth": {
        "mean": 0.495555030850175,
        "std": 0.0034618375998532696,
        "lo": 0.4926332325883567,
        "hi": 0.49937847961139553,
        "n": 3
      },
      "a2a_share": {
        "mean": 0.9840489029884338,
        "std": 2.1333134374825097e-06,
        "lo": 0.9840471744537354,
        "hi": 0.9840512871742249,
        "n": 3
      },
      "real_per_capita_welfare": {
        "mean": 0.005849008434453132,
        "std": 6.903423557029402e-05,
        "lo": 0.005794188412973582,
        "hi": 0.005926536302434724,
        "n": 3
      },
      "human_legibility_index": {
        "mean": 0.0029735214694460075,
        "std": 1.6737111749810888e-05,
        "lo": 0.002961259063309766,
        "hi": 0.0029925892855383342,
        "n": 3
      },
      "fold_max_depth": {
        "mean": 6.0,
        "std": 0.0,
        "lo": 6.0,
        "hi": 6.0,
        "n": 3
      },
      "governance_overhead_fraction": {
        "mean": 0.13817334965539263,
        "std": 0.0009444036341628803,
        "lo": 0.13753926352348017,
        "hi": 0.13925873464211544,
        "n": 3
      }
    }
  },
  "medium": {
    "scale": "medium",
    "n_total": 880000,
    "n_pairs": 2000000,
    "n_steps": 60,
    "seeds": [
      {
        "seed": 0,
        "elapsed_sec": 10.470939457998611,
        "final": {
          "exo_baroque_index": 340.94270540086984,
          "gini_wealth": 0.5007947982990903,
          "a2a_share": 0.984049916267395,
          "real_per_capita_welfare": 0.0005653498864876487,
          "human_legibility_index": 0.0029330441278226822,
          "fold_max_depth": 6.0,
          "governance_overhead_fraction": 0.13995181028367978
        }
      },
      {
        "seed": 1,
        "elapsed_sec": 10.351622334012063,
        "final": {
          "exo_baroque_index": 336.4562831404135,
          "gini_wealth": 0.4967477685275877,
          "a2a_share": 0.9840496778488159,
          "real_per_capita_welfare": 0.0005833210920775483,
          "human_legibility_index": 0.00297215433359189,
          "fold_max_depth": 6.0,
          "governance_overhead_fraction": 0.13867881693991366
        }
      },
      {
        "seed": 2,
        "elapsed_sec": 10.36824524999247,
        "final": {
          "exo_baroque_index": 338.65975445700394,
          "gini_wealth": 0.529514689605348,
          "a2a_share": 0.9840492010116577,
          "real_per_capita_welfare": 0.0005774480236525932,
          "human_legibility_index": 0.002952816172690397,
          "fold_max_depth": 6.0,
          "governance_overhead_fraction": 0.13904931629887324
        }
      }
    ],
    "summary": {
      "exo_baroque_index": {
        "mean": 338.68624766609577,
        "std": 2.2433284628817716,
        "lo": 336.4562831404135,
        "hi": 340.94270540086984,
        "n": 3
      },
      "gini_wealth": {
        "mean": 0.509019085477342,
        "std": 0.017864684545824173,
        "lo": 0.4967477685275877,
        "hi": 0.529514689605348,
        "n": 3
      },
      "a2a_share": {
        "mean": 0.9840495983759562,
        "std": 3.6419039527224225e-07,
        "lo": 0.9840492010116577,
        "hi": 0.984049916267395,
        "n": 3
      },
      "real_per_capita_welfare": {
        "mean": 0.0005753730007392634,
        "std": 9.163533579179056e-06,
        "lo": 0.0005653498864876487,
        "hi": 0.0005833210920775483,
        "n": 3
      },
      "human_legibility_index": {
        "mean": 0.002952671544701656,
        "std": 1.9555504001911842e-05,
        "lo": 0.0029330441278226822,
        "hi": 0.00297215433359189,
        "n": 3
      },
      "fold_max_depth": {
        "mean": 6.0,
        "std": 0.0,
        "lo": 6.0,
        "hi": 6.0,
        "n": 3
      },
      "governance_overhead_fraction": {
        "mean": 0.13922664784082223,
        "std": 0.0006547616895831035,
        "lo": 0.13867881693991366,
        "hi": 0.13995181028367978,
        "n": 3
      }
    }
  },
  "large": {
    "scale": "large",
    "n_total": 8800000,
    "n_pairs": 20000000,
    "n_steps": 60,
    "seeds": [
      {
        "seed": 0,
        "elapsed_sec": 144.616949208983,
        "final": {
          "exo_baroque_index": 333.47505584823216,
          "gini_wealth": 0.4971063618338315,
          "a2a_share": 0.9840494394302368,
          "real_per_capita_welfare": 5.944443031413296e-05,
          "human_legibility_index": 0.0029987250394377623,
          "fold_max_depth": 6.0,
          "governance_overhead_fraction": 0.13818754696220995
        }
      },
      {
        "seed": 1,
        "elapsed_sec": 144.42013449998922,
        "final": {
          "exo_baroque_index": 328.4370701964479,
          "gini_wealth": 0.49712709560547935,
          "a2a_share": 0.9840493202209473,
          "real_per_capita_welfare": 6.271079402939508e-05,
          "human_legibility_index": 0.003044723299357988,
          "fold_max_depth": 6.0,
          "governance_overhead_fraction": 0.13609429031541206
        }
      },
      {
        "seed": 2,
        "elapsed_sec": 144.72415420800098,
        "final": {
          "exo_baroque_index": 344.05751778955084,
          "gini_wealth": 0.5032551253796489,
          "a2a_share": 0.9840493202209473,
          "real_per_capita_welfare": 5.544813631309093e-05,
          "human_legibility_index": 0.0029064907705683924,
          "fold_max_depth": 6.0,
          "governance_overhead_fraction": 0.14036627211787034
        }
      }
    ],
    "summary": {
      "exo_baroque_index": {
        "mean": 335.32321461141026,
        "std": 7.972538106691806,
        "lo": 328.4370701964479,
        "hi": 344.0575177895509,
        "n": 3
      },
      "gini_wealth": {
        "mean": 0.49916286093965323,
        "std": 0.0035440201265598556,
        "lo": 0.49710636183383156,
        "hi": 0.5032551253796489,
        "n": 3
      },
      "a2a_share": {
        "mean": 0.9840493599573771,
        "std": 6.88255154120476e-08,
        "lo": 0.9840493202209473,
        "hi": 0.9840494394302368,
        "n": 3
      },
      "real_per_capita_welfare": {
        "mean": 5.920112021887299e-05,
        "std": 3.6374371648029345e-06,
        "lo": 5.544813631309093e-05,
        "hi": 6.271079402939508e-05,
        "n": 3
      },