{
  "small": {
    "scale": "small",
    "n_total": 88000,
    "n_pairs": 200000,
    "n_steps": 60,
    "seeds": [
      {
        "seed": 0,
        "elapsed_sec": 0.9901625839993358,
        "final": {
          "exo_baroque_index": 1.3872477347345198,
          "gini_wealth": 0.4993710755245453,
          "a2a_share": 0.9840512871742249,
          "real_per_capita_welfare": 0.029752083333241995,
          "human_legibility_index": 0.7208517808042209,
          "fold_max_depth": 4.0,
          "governance_overhead_fraction": 0.13753926352348017
        }
      },
      {
        "seed": 1,
        "elapsed_sec": 1.0079849580070004,
        "final": {
          "exo_baroque_index": 1.3880759166923538,
          "gini_wealth": 0.49262591625665303,
          "a2a_share": 0.9840482473373413,
          "real_per_capita_welfare": 0.029445754982150355,
          "human_legibility_index": 0.7204216916196486,
          "fold_max_depth": 4.0,
          "governance_overhead_fraction": 0.13925873464211547
        }
      },
      {
        "seed": 2,
        "elapsed_sec": 1.0079889160115272,
        "final": {
          "exo_baroque_index": 1.3854528098896743,
          "gini_wealth": 0.4946457767539577,
          "a2a_share": 0.9840471744537354,
          "real_per_capita_welfare": 0.03045455039688077,
          "human_legibility_index": 0.7217856810869159,
          "fold_max_depth": 4.0,
          "governance_overhead_fraction": 0.13772205080058228
        }
      }
    ],
    "summary": {
      "exo_baroque_index": {
        "mean": 1.3869254871055159,
        "std": 0.0013409157226927759,
        "lo": 1.3854528098896743,
        "hi": 1.3880759166923538,
        "n": 3
      },
      "gini_wealth": {
        "mean": 0.49554758951171873,
        "std": 0.003461826551815321,
        "lo": 0.49262591625665303,
        "hi": 0.4993710755245453,
        "n": 3
      },
      "a2a_share": {
        "mean": 0.9840489029884338,
        "std": 2.1333134374825097e-06,
        "lo": 0.9840471744537354,
        "hi": 0.9840512871742249,
        "n": 3
      },
      "real_per_capita_welfare": {
        "mean": 0.02988412957075771,
        "std": 0.0005171984182369665,
        "lo": 0.029445754982150355,
        "hi": 0.03045455039688077,
        "n": 3
      },
      "human_legibility_index": {
        "mean": 0.7210197178369285,
        "std": 0.0006973298731016509,
        "lo": 0.7204216916196486,
        "hi": 0.7217856810869159,
        "n": 3
      },
      "fold_max_depth": {
        "mean": 4.0,
        "std": 0.0,
        "lo": 4.0,
        "hi": 4.0,
        "n": 3
      },
      "governance_overhead_fraction": {
        "mean": 0.13817334965539263,
        "std": 0.0009444036341628964,
        "lo": 0.13753926352348017,
        "hi": 0.13925873464211547,
        "n": 3
      }
    }
  },
  "medium": {
    "scale": "medium",
    "n_total": 880000,
    "n_pairs": 2000000,
    "n_steps": 60,
    "seeds": [
      {
        "seed": 0,
        "elapsed_sec": 10.389467041008174,
        "final": {
          "exo_baroque_index": 1.390615333865826,
          "gini_wealth": 0.500793896531347,
          "a2a_share": 0.984049916267395,
          "real_per_capita_welfare": 0.002852483402262901,
          "human_legibility_index": 0.7191061220503451,
          "fold_max_depth": 4.0,
          "governance_overhead_fraction": 0.13995181028367978
        }
      },
      {
        "seed": 1,
        "elapsed_sec": 10.467462000000523,
        "final": {
          "exo_baroque_index": 1.387383473996232,
          "gini_wealth": 0.4967468349148406,
          "a2a_share": 0.9840496778488159,
          "real_per_capita_welfare": 0.0029692748598711778,
          "human_legibility_index": 0.7207812538804365,
          "fold_max_depth": 4.0,
          "governance_overhead_fraction": 0.1386788169399137
        }
      },
      {
        "seed": 2,
        "elapsed_sec": 10.362222666008165,
        "final": {
          "exo_baroque_index": 1.3882768755237698,
          "gini_wealth": 0.5295137764699458,
          "a2a_share": 0.9840492010116577,
          "real_per_capita_welfare": 0.0029379200136907227,
          "human_legibility_index": 0.7203174075940143,
          "fold_max_depth": 4.0,
          "governance_overhead_fraction": 0.1390493162988732
        }
      }
    ],
    "summary": {
      "exo_baroque_index": {
        "mean": 1.3887585611286095,
        "std": 0.0016689054259020123,
        "lo": 1.387383473996232,
        "hi": 1.390615333865826,
        "n": 3
      },
      "gini_wealth": {
        "mean": 0.5090181693053778,
        "std": 0.0178646889621725,
        "lo": 0.49674683491484056,
        "hi": 0.5295137764699458,
        "n": 3
      },
      "a2a_share": {
        "mean": 0.9840495983759562,
        "std": 3.6419039527224225e-07,
        "lo": 0.9840492010116577,
        "hi": 0.984049916267395,
        "n": 3
      },
      "real_per_capita_welfare": {
        "mean": 0.0029198927586082672,
        "std": 6.0446650750247556e-05,
        "lo": 0.002852483402262901,
        "hi": 0.0029692748598711773,
        "n": 3
      },
      "human_legibility_index": {
        "mean": 0.720068261174932,
        "std": 0.000864911623030062,
        "lo": 0.7191061220503451,
        "hi": 0.7207812538804365,
        "n": 3
      },
      "fold_max_depth": {
        "mean": 4.0,
        "std": 0.0,
        "lo": 4.0,
        "hi": 4.0,
        "n": 3
      },
      "governance_overhead_fraction": {
        "mean": 0.13922664784082225,
        "std": 0.000654761689583084,
        "lo": 0.1386788169399137,
        "hi": 0.13995181028367978,
        "n": 3
      }
    }
  },
  "large": {
    "scale": "large",
    "n_total": 8800000,
    "n_pairs": 20000000,
    "n_steps": 60,
    "seeds": [
      {
        "seed": 0,
        "elapsed_sec": 143.19177249999484,
        "final": {
          "exo_baroque_index": 1.3855541856822244,
          "gini_wealth": 0.4971063618062862,
          "a2a_share": 0.9840494394302368,
          "real_per_capita_welfare": 0.0003038687161828433,
          "human_legibility_index": 0.7217328707412596,
          "fold_max_depth": 4.0,
          "governance_overhead_fraction": 0.13818754696220995
        }
      },
      {
        "seed": 1,
        "elapsed_sec": 142.59072754200315,
        "final": {
          "exo_baroque_index": 1.3800478515607228,
          "gini_wealth": 0.4971270955377705,
          "a2a_share": 0.9840493202209473,
          "real_per_capita_welfare": 0.0003276745177211435,
          "human_legibility_index": 0.7246125551871847,
          "fold_max_depth": 4.0,
          "governance_overhead_fraction": 0.136094290315412
        }
      },
      {
        "seed": 2,
        "elapsed_sec": 144.1841676250042,
        "final": {
          "exo_baroque_index": 1.3926152397034544,
          "gini_wealth": 0.5032551253776624,
          "a2a_share": 0.9840493202209473,
          "real_per_capita_welfare": 0.0002786192920803915,
          "human_legibility_index": 0.7180734286757781,
          "fold_max_depth": 4.0,
          "governance_overhead_fraction": 0.1403662721178703
        }
      }
    ],
    "summary": {
      "exo_baroque_index": {
        "mean": 1.3860724256488004,
        "std": 0.006299701634183536,
        "lo": 1.3800478515607228,
        "hi": 1.3926152397034544,
        "n": 3
      },
      "gini_wealth": {
        "mean": 0.49916286090723966,
        "std": 0.0035440201528515827,
        "lo": 0.49710636180628615,
        "hi": 0.5032551253776624,
        "n": 3
      },
      "a2a_share": {
        "mean": 0.9840493599573771,
        "std": 6.88255154120476e-08,
        "lo": 0.9840493202209473,
        "hi": 0.9840494394302368,
        "n": 3
      },
      "real_per_capita_welfare": {
        "mean": 0.0003033875086614594,
        "std": 2.45311528708956e-05,
        "lo": 0.0002786192920803915,
        "hi": 0.0003276745177211435,
        "n": 3
      },