{
  "200": {
    "n_steps": 200,
    "seeds": [
      {
        "seed": 0,
        "elapsed_sec": 11.865558041026816,
        "final": {
          "exo_baroque_index": 1974.4859219900702,
          "real_per_capita_welfare": 0.167850354333085,
          "gini_wealth": 0.4976135859562373,
          "a2a_share": 0.9929645421119048,
          "fold_max_depth": 7.0,
          "governance_overhead_fraction": 0.12737908500567346
        }
      },
      {
        "seed": 1,
        "elapsed_sec": 12.084725124994293,
        "final": {
          "exo_baroque_index": 2383.3122697620274,
          "real_per_capita_welfare": 0.17054258091494534,
          "gini_wealth": 0.49040889298709595,
          "a2a_share": 0.9925747307400216,
          "fold_max_depth": 7.0,
          "governance_overhead_fraction": 0.12675356052338346
        }
      },
      {
        "seed": 2,
        "elapsed_sec": 12.884540125029162,
        "final": {
          "exo_baroque_index": 2184.5169164437434,
          "real_per_capita_welfare": 0.1703456963598056,
          "gini_wealth": 0.4934606836083323,
          "a2a_share": 0.9925122345637186,
          "fold_max_depth": 7.0,
          "governance_overhead_fraction": 0.12476634040351553
        }
      },
      {
        "seed": 3,
        "elapsed_sec": 13.739468667015899,
        "final": {
          "exo_baroque_index": 2415.1237563827094,
          "real_per_capita_welfare": 0.16827445339150351,
          "gini_wealth": 0.49221748423872297,
          "a2a_share": 0.9922873236095773,
          "fold_max_depth": 7.0,
          "governance_overhead_fraction": 0.1278088927570208
        }
      }
    ],
    "summary": {
      "exo_baroque_index": {
        "mean": 2239.3597161446373,
        "std": 203.94541348331956,
        "lo": 2076.6925089330593,
        "hi": 2399.218013072368,
        "n": 4
      },
      "real_per_capita_welfare": {
        "mean": 0.16925327124983486,
        "std": 0.001388280988432953,
        "lo": 0.16806240386229426,
        "hi": 0.17044413863737548,
        "n": 4
      },
      "gini_wealth": {
        "mean": 0.4934251616975971,
        "std": 0.003060529439771753,
        "lo": 0.49117184064240504,
        "hi": 0.49626456052685863,
        "n": 4
      },
      "a2a_share": {
        "mean": 0.9925847077563055,
        "std": 0.00028169923258471397,
        "lo": 0.9923591753921883,
        "hi": 0.9928514652248582,
        "n": 4
      },
      "fold_max_depth": {
        "mean": 7.0,
        "std": 0.0,
        "lo": 7.0,
        "hi": 7.0,
        "n": 4
      },
      "governance_overhead_fraction": {
        "mean": 0.1266769696723983,
        "std": 0.00134543501915273,
        "lo": 0.12541952655405503,
        "hi": 0.12759398888134713,
        "n": 4
      }
    }
  },
  "400": {
    "n_steps": 400,
    "seeds": [
      {
        "seed": 0,
        "elapsed_sec": 27.29236454202328,
        "final": {
          "exo_baroque_index": 2113.555447449492,
          "real_per_capita_welfare": 0.31892475313674856,
          "gini_wealth": 0.49753357869222764,
          "a2a_share": 0.9924818880993793,
          "fold_max_depth": 7.0,
          "governance_overhead_fraction": 0.1251773944786914
        }
      },
      {
        "seed": 1,
        "elapsed_sec": 24.859698999964166,
        "final": {
          "exo_baroque_index": 2155.3588685542118,
          "real_per_capita_welfare": 0.32391681607998013,
          "gini_wealth": 0.49032700897475734,
          "a2a_share": 0.9927770099348159,
          "fold_max_depth": 7.0,
          "governance_overhead_fraction": 0.1263891834805182
        }
      },
      {
        "seed": 2,
        "elapsed_sec": 16.448130292003043,
        "final": {
          "exo_baroque_index": 2268.641022412673,
          "real_per_capita_welfare": 0.3239917132710897,
          "gini_wealth": 0.4933783349584731,
          "a2a_share": 0.9927794164676721,
          "fold_max_depth": 7.0,
          "governance_overhead_fraction": 0.12732063069175137
        }
      },
      {
        "seed": 3,
        "elapsed_sec": 15.55802329198923,
        "final": {
          "exo_baroque_index": 2220.0192665676022,
          "real_per_capita_welfare": 0.31977154414033643,
          "gini_wealth": 0.49213677139636114,
          "a2a_share": 0.9926574741149315,
          "fold_max_depth": 7.0,
          "governance_overhead_fraction": 0.1265052308887761
        }
      }
    ],
    "summary": {
      "exo_baroque_index": {
        "mean": 2189.393651245995,
        "std": 68.6242759248094,
        "lo": 2134.457158001852,
        "hi": 2244.3301444901376,
        "n": 4
      },
      "real_per_capita_welfare": {
        "mean": 0.32165120665703867,
        "std": 0.00268189219536851,
        "lo": 0.3193481486385425,
        "hi": 0.3239542646755349,
        "n": 4
      },
      "gini_wealth": {
        "mean": 0.4933439235054548,
        "std": 0.0030612298308672257,
        "lo": 0.49108984047068627,
        "hi": 0.49618437686826106,
        "n": 4
      },
      "a2a_share": {
        "mean": 0.9926739471541998,
        "std": 0.00014012346269618294,
        "lo": 0.9925556685582384,
        "hi": 0.9927782132012439,
        "n": 4
      },
      "fold_max_depth": {
        "mean": 7.0,
        "std": 0.0,
        "lo": 7.0,
        "hi": 7.0,
        "n": 4
      },
      "governance_overhead_fraction": {
        "mean": 0.12634810988493425,
        "std": 0.0008836940142019505,
        "lo": 0.12550935358121257,
        "hi": 0.12691293079026372,
        "n": 4
      }
    }
  }
}