{
  "200": {
    "n_steps": 200,
    "seeds": [
      {
        "seed": 0,
        "elapsed_sec": 12.086882832983974,
        "final": {
          "exo_baroque_index": 1328.20612809639,
          "real_per_capita_welfare": 0.623369544667049,
          "gini_wealth": 0.5021527015614439,
          "a2a_share": 0.9925500895044361,
          "fold_max_depth": 7.0,
          "governance_overhead_fraction": 0.12789164858476132
        }
      },
      {
        "seed": 1,
        "elapsed_sec": 8.571607290999964,
        "final": {
          "exo_baroque_index": 1386.7939175115014,
          "real_per_capita_welfare": 0.6269990590861161,
          "gini_wealth": 0.506308331561601,
          "a2a_share": 0.9925784852706047,
          "fold_max_depth": 7.0,
          "governance_overhead_fraction": 0.12642321881683088
        }
      },
      {
        "seed": 2,
        "elapsed_sec": 8.581460040993989,
        "final": {
          "exo_baroque_index": 1194.301020975187,
          "real_per_capita_welfare": 0.6353340323868641,
          "gini_wealth": 0.4923861377393519,
          "a2a_share": 0.9926499272095761,
          "fold_max_depth": 7.0,
          "governance_overhead_fraction": 0.12603850172629932
        }
      },
      {
        "seed": 3,
        "elapsed_sec": 15.895202290965244,
        "final": {
          "exo_baroque_index": 1350.5528997789538,
          "real_per_capita_welfare": 0.6317835753650021,
          "gini_wealth": 0.49179699989544673,
          "a2a_share": 0.9928806967324584,
          "fold_max_depth": 7.0,
          "governance_overhead_fraction": 0.1280784059974009
        }
      }
    ],
    "summary": {
      "exo_baroque_index": {
        "mean": 1314.963491590508,
        "std": 83.98614032449099,
        "lo": 1233.3639906761287,
        "hi": 1372.1469701577237,
        "n": 4
      },
      "real_per_capita_welfare": {
        "mean": 0.6293715528762578,
        "std": 0.005260603378836557,
        "lo": 0.6251843018765826,
        "hi": 0.6335588038759331,
        "n": 4
      },
      "gini_wealth": {
        "mean": 0.4981610426894609,
        "std": 0.007214850989064522,
        "lo": 0.49209156881739935,
        "hi": 0.5042564892490232,
        "n": 4
      },
      "a2a_share": {
        "mean": 0.9926647996792689,
        "std": 0.00014993479614361892,
        "lo": 0.9925642873875204,
        "hi": 0.9928051438669949,
        "n": 4
      },
      "fold_max_depth": {
        "mean": 7.0,
        "std": 0.0,
        "lo": 7.0,
        "hi": 7.0,
        "n": 4
      },
      "governance_overhead_fraction": {
        "mean": 0.12710794378132312,
        "std": 0.0010277069487973534,
        "lo": 0.1262308602715651,
        "hi": 0.1279850272910811,
        "n": 4
      }
    }
  },
  "400": {
    "n_steps": 400,
    "seeds": [
      {
        "seed": 0,
        "elapsed_sec": 19.670261541032232,
        "final": {
          "exo_baroque_index": 1337.4334019973537,
          "real_per_capita_welfare": 1.185236202975333,
          "gini_wealth": 0.5019758097146042,
          "a2a_share": 0.992680413663835,
          "fold_max_depth": 7.0,
          "governance_overhead_fraction": 0.1259493797019774
        }
      },
      {
        "seed": 1,
        "elapsed_sec": 15.391081125009805,
        "final": {
          "exo_baroque_index": 1354.266263322652,
          "real_per_capita_welfare": 1.1993253954665222,
          "gini_wealth": 0.5061279807654198,
          "a2a_share": 0.9926040677627306,
          "fold_max_depth": 7.0,
          "governance_overhead_fraction": 0.1271352781869609
        }
      },
      {
        "seed": 2,
        "elapsed_sec": 17.43172312498791,
        "final": {
          "exo_baroque_index": 1234.194559798146,
          "real_per_capita_welfare": 1.2007038850799188,
          "gini_wealth": 0.4922073848985939,
          "a2a_share": 0.9932043100661762,
          "fold_max_depth": 7.0,
          "governance_overhead_fraction": 0.1276597344723933
        }
      },
      {
        "seed": 3,
        "elapsed_sec": 16.910490666981786,
        "final": {
          "exo_baroque_index": 1313.5778986138312,
          "real_per_capita_welfare": 1.1993362185068963,
          "gini_wealth": 0.49161771995650644,
          "a2a_share": 0.9932816387982168,
          "fold_max_depth": 7.0,
          "governance_overhead_fraction": 0.12814512454300298
        }
      }
    ],
    "summary": {
      "exo_baroque_index": {
        "mean": 1309.8680309329957,
        "std": 53.13909443792433,
        "lo": 1260.004270347948,
        "hi": 1345.9550380432854,
        "n": 4
      },
      "real_per_capita_welfare": {
        "mean": 1.1961504255071675,
        "std": 0.007304883271597865,
        "lo": 1.1887612068582238,
        "hi": 1.2000200517934076,
        "n": 4
      },
      "gini_wealth": {
        "mean": 0.49798222383378105,
        "std": 0.007214747824376753,
        "lo": 0.49191255242755016,
        "hi": 0.5040778463090794,
        "n": 4
      },
      "a2a_share": {
        "mean": 0.9929426075727397,
        "std": 0.000349659460879271,
        "lo": 0.9926417635514008,
        "hi": 0.9932429744321966,
        "n": 4
      },
      "fold_max_depth": {
        "mean": 7.0,
        "std": 0.0,
        "lo": 7.0,
        "hi": 7.0,
        "n": 4
      },
      "governance_overhead_fraction": {
        "mean": 0.12722237922608365,
        "std": 0.0009435487817740935,
        "lo": 0.12637696839458137,
        "hi": 0.12790242950769815,
        "n": 4
      }
    }
  }
}