{
  "100": {
    "n_steps": 100,
    "seeds": [
      {
        "seed": 0,
        "elapsed_sec": 1.8332807080005296,
        "final": {
          "exo_baroque_index": 2449.755459674203,
          "real_per_capita_welfare": 0.052363985385800386,
          "gini_wealth": 0.4976384235034775,
          "a2a_share": 0.9999805441782104,
          "fold_max_depth": 7.0,
          "governance_overhead_fraction": 0.13921407609396805
        }
      },
      {
        "seed": 1,
        "elapsed_sec": 1.827676332963165,
        "final": {
          "exo_baroque_index": 2410.9999538948928,
          "real_per_capita_welfare": 0.054877534715356335,
          "gini_wealth": 0.4904339991029045,
          "a2a_share": 0.9999779683907473,
          "fold_max_depth": 7.0,
          "governance_overhead_fraction": 0.1378867835451721
        }
      }
    ],
    "summary": {
      "exo_baroque_index": {
        "mean": 2430.3777067845476,
        "std": 27.404280944864652,
        "lo": 2410.9999538948928,
        "hi": 2449.755459674203,
        "n": 2
      },
      "real_per_capita_welfare": {
        "mean": 0.053620760050578364,
        "std": 0.0017773477757759115,
        "lo": 0.052363985385800386,
        "hi": 0.054877534715356335,
        "n": 2
      },
      "gini_wealth": {
        "mean": 0.494036211303191,
        "std": 0.0050942973481909615,
        "lo": 0.4904339991029045,
        "hi": 0.4976384235034775,
        "n": 2
      },
      "a2a_share": {
        "mean": 0.9999792562844788,
        "std": 1.8213567820528716e-06,
        "lo": 0.9999779683907473,
        "hi": 0.9999805441782104,
        "n": 2
      },
      "fold_max_depth": {
        "mean": 7.0,
        "std": 0.0,
        "lo": 7.0,
        "hi": 7.0,
        "n": 2
      },
      "governance_overhead_fraction": {
        "mean": 0.13855042981957005,
        "std": 0.0009385375618720005,
        "lo": 0.1378867835451721,
        "hi": 0.13921407609396805,
        "n": 2
      }
    }
  },
  "200": {
    "n_steps": 200,
    "seeds": [
      {
        "seed": 0,
        "elapsed_sec": 3.6862671250128187,
        "final": {
          "exo_baroque_index": 2465.5024424660314,
          "real_per_capita_welfare": 0.10217566131247369,
          "gini_wealth": 0.4976261294800428,
          "a2a_share": 0.9999846946419582,
          "fold_max_depth": 7.0,
          "governance_overhead_fraction": 0.1385399434708426
        }
      },
      {
        "seed": 1,
        "elapsed_sec": 3.697256291983649,
        "final": {
          "exo_baroque_index": 2425.1357279517106,
          "real_per_capita_welfare": 0.10706878458165847,
          "gini_wealth": 0.49042106404192304,
          "a2a_share": 0.9999790687297228,
          "fold_max_depth": 7.0,
          "governance_overhead_fraction": 0.13657115565904498
        }
      }
    ],
    "summary": {
      "exo_baroque_index": {
        "mean": 2445.319085208871,
        "std": 28.543577567297703,
        "lo": 2425.1357279517106,
        "hi": 2465.5024424660314,
        "n": 2
      },
      "real_per_capita_welfare": {
        "mean": 0.10462222294706608,
        "std": 0.0034599606448222496,
        "lo": 0.10217566131247369,
        "hi": 0.10706878458165847,
        "n": 2
      },
      "gini_wealth": {
        "mean": 0.49402359676098295,
        "std": 0.005094750630187315,
        "lo": 0.49042106404192304,
        "hi": 0.4976261294800428,
        "n": 2
      },
      "a2a_share": {
        "mean": 0.9999818816858405,
        "std": 3.9781206920169595e-06,
        "lo": 0.9999790687297228,
        "hi": 0.9999846946419582,
        "n": 2
      },
      "fold_max_depth": {
        "mean": 7.0,
        "std": 0.0,
        "lo": 7.0,
        "hi": 7.0,
        "n": 2
      },
      "governance_overhead_fraction": {
        "mean": 0.1375555495649438,
        "std": 0.0013921432124395275,
        "lo": 0.13657115565904498,
        "hi": 0.1385399434708426,
        "n": 2
      }
    }
  },
  "400": {
    "n_steps": 400,
    "seeds": [
      {
        "seed": 0,
        "elapsed_sec": 7.379206667013932,
        "final": {
          "exo_baroque_index": 2502.81641675796,
          "real_per_capita_welfare": 0.19433043469544192,
          "gini_wealth": 0.4975769335773165,
          "a2a_share": 0.9999844073052353,
          "fold_max_depth": 7.0,
          "governance_overhead_fraction": 0.1388678713114597
        }
      },
      {
        "seed": 1,
        "elapsed_sec": 7.3542145829997025,
        "final": {
          "exo_baroque_index": 2458.809397117715,
          "real_per_capita_welfare": 0.20361695997746507,
          "gini_wealth": 0.490369286751112,
          "a2a_share": 0.9999836625529005,
          "fold_max_depth": 7.0,
          "governance_overhead_fraction": 0.13782904969039744
        }
      }
    ],
    "summary": {
      "exo_baroque_index": {
        "mean": 2480.8129069378374,
        "std": 31.117662007426702,
        "lo": 2458.809397117715,
        "hi": 2502.81641675796,
        "n": 2
      },
      "real_per_capita_welfare": {
        "mean": 0.19897369733645348,
        "std": 0.0065665650005788815,
        "lo": 0.19433043469544192,
        "hi": 0.20361695997746507,
        "n": 2
      },
      "gini_wealth": {
        "mean": 0.4939731101642143,
        "std": 0.005096575947206903,
        "lo": 0.490369286751112,
        "hi": 0.4975769335773165,
        "n": 2
      },
      "a2a_share": {
        "mean": 0.9999840349290678,
        "std": 5.266194262433859e-07,
        "lo": 0.9999836625529005,
        "hi": 0.9999844073052353,
        "n": 2
      },
      "fold_max_depth": {
        "mean": 7.0,
        "std": 0.0,
        "lo": 7.0,
        "hi": 7.0,
        "n": 2
      },
      "governance_overhead_fraction": {
        "mean": 0.13834846050092858,
        "std": 0.0007345578126963208,
        "lo": 0.13782904969039744,
        "hi": 0.1388678713114597,
        "n": 2
      }
    }
  }
}