{
  "200": {
    "n_steps": 200,
    "seeds": [
      {
        "seed": 0,
        "elapsed_sec": 1.324418333999347,
        "final": {
          "exo_baroque_index": 337583.6915245751,
          "real_per_capita_welfare": 1.649884028807073,
          "gini_wealth": 0.48379180048503306,
          "a2a_share": 0.9999880391364855,
          "fold_max_depth": 6.0,
          "governance_overhead_fraction": 0.13646842323722913
        }
      },
      {
        "seed": 1,
        "elapsed_sec": 1.0394702500198036,
        "final": {
          "exo_baroque_index": 329779.8195506196,
          "real_per_capita_welfare": 1.8145342506078705,
          "gini_wealth": 0.48155294514559654,
          "a2a_share": 0.9999821463649103,
          "fold_max_depth": 6.0,
          "governance_overhead_fraction": 0.13706850424816602
        }
      },
      {
        "seed": 2,
        "elapsed_sec": 1.0939600000274368,
        "final": {
          "exo_baroque_index": 335760.76427488605,
          "real_per_capita_welfare": 1.6915236703779715,
          "gini_wealth": 0.49983164357493387,
          "a2a_share": 0.9999880233789042,
          "fold_max_depth": 6.0,
          "governance_overhead_fraction": 0.14211279015117756
        }
      },
      {
        "seed": 3,
        "elapsed_sec": 1.1009931659791619,
        "final": {
          "exo_baroque_index": 330087.3579739478,
          "real_per_capita_welfare": 1.8178849651504336,
          "gini_wealth": 0.49932077077007936,
          "a2a_share": 0.9999821887642861,
          "fold_max_depth": 6.0,
          "governance_overhead_fraction": 0.13647456542189879
        }
      }
    ],
    "summary": {
      "exo_baroque_index": {
        "mean": 333302.9083310071,
        "std": 3963.08294321783,
        "lo": 329933.5887622837,
        "hi": 336672.22789973055,
        "n": 4
      },
      "real_per_capita_welfare": {
        "mean": 1.7434567287358371,
        "std": 0.08572138825601706,
        "lo": 1.6707038495925222,
        "hi": 1.816209607879152,
        "n": 4
      },
      "gini_wealth": {
        "mean": 0.4911242899939107,
        "std": 0.009804358692306362,
        "lo": 0.4826583799694433,
        "hi": 0.4995762071725066,
        "n": 4
      },
      "a2a_share": {
        "mean": 0.9999850994111465,
        "std": 3.385455150871587e-06,
        "lo": 0.9999821675645982,
        "hi": 0.9999880312576949,
        "n": 4
      },
      "fold_max_depth": {
        "mean": 6.0,
        "std": 0.0,
        "lo": 6.0,
        "hi": 6.0,
        "n": 4
      },
      "governance_overhead_fraction": {
        "mean": 0.13803107076461787,
        "std": 0.0027356622370691554,
        "lo": 0.13647149432956396,
        "hi": 0.14070169842269045,
        "n": 4
      }
    }
  },
  "400": {
    "n_steps": 400,
    "seeds": [
      {
        "seed": 0,
        "elapsed_sec": 2.428269541996997,
        "final": {
          "exo_baroque_index": 341043.9367167678,
          "real_per_capita_welfare": 3.158456201575413,
          "gini_wealth": 0.4832547133640945,
          "a2a_share": 0.9999939136100511,
          "fold_max_depth": 6.0,
          "governance_overhead_fraction": 0.14055632503465815
        }
      },
      {
        "seed": 1,
        "elapsed_sec": 2.95568870799616,
        "final": {
          "exo_baroque_index": 332604.5340052465,
          "real_per_capita_welfare": 3.4697399257185553,
          "gini_wealth": 0.48096251206904855,
          "a2a_share": 0.999981854802943,
          "fold_max_depth": 6.0,
          "governance_overhead_fraction": 0.14094171188488266
        }
      },
      {
        "seed": 2,
        "elapsed_sec": 4.759341209020931,
        "final": {
          "exo_baroque_index": 338980.5499863663,
          "real_per_capita_welfare": 3.234820876489953,
          "gini_wealth": 0.49927831878365725,
          "a2a_share": 0.9999879410564239,
          "fold_max_depth": 6.0,
          "governance_overhead_fraction": 0.1391863169212389
        }
      },
      {
        "seed": 3,
        "elapsed_sec": 2.293884624959901,
        "final": {
          "exo_baroque_index": 333072.7314629638,
          "real_per_capita_welfare": 3.4762692889963565,
          "gini_wealth": 0.4987284306064524,
          "a2a_share": 0.9999879744100847,
          "fold_max_depth": 6.0,
          "governance_overhead_fraction": 0.13892375470675422
        }
      }
    ],
    "summary": {
      "exo_baroque_index": {
        "mean": 336425.4380428361,
        "std": 4230.802765444052,
        "lo": 332838.6327341051,
        "hi": 340012.2433515671,
        "n": 4
      },
      "real_per_capita_welfare": {
        "mean": 3.3348215731950694,
        "std": 0.1625989973330109,
        "lo": 3.196638539032683,
        "hi": 3.473004607357456,
        "n": 4
      },
      "gini_wealth": {
        "mean": 0.49055599370581315,
        "std": 0.009801551989384556,
        "lo": 0.48209428645847746,
        "hi": 0.49900337469505485,
        "n": 4
      },
      "a2a_share": {
        "mean": 0.9999879209698757,
        "std": 4.923189239113355e-06,
        "lo": 0.9999833847047284,
        "hi": 0.9999924204716443,
        "n": 4
      },
      "fold_max_depth": {
        "mean": 6.0,
        "std": 0.0,
        "lo": 6.0,
        "hi": 6.0,
        "n": 4
      },
      "governance_overhead_fraction": {
        "mean": 0.1399020271368835,
        "std": 0.0009963781368174602,
        "lo": 0.13905503581399656,
        "hi": 0.14075142712758432,
        "n": 4
      }
    }
  }
}