{
  "200": {
    "n_steps": 200,
    "seeds": [
      {
        "seed": 0,
        "elapsed_sec": 7.590523958962876,
        "final": {
          "exo_baroque_index": 2.1731637718717773,
          "real_per_capita_welfare": 0.10773311682361825,
          "gini_wealth": 0.6826761926038716,
          "a2a_share": 0.9908274229340999,
          "fold_max_depth": 6.0,
          "governance_overhead_fraction": 0.12034525774135017
        }
      },
      {
        "seed": 1,
        "elapsed_sec": 7.57993266696576,
        "final": {
          "exo_baroque_index": 2.2517033632006886,
          "real_per_capita_welfare": 0.10732737123919799,
          "gini_wealth": 0.665347766533688,
          "a2a_share": 0.9907272512995139,
          "fold_max_depth": 6.0,
          "governance_overhead_fraction": 0.12012712907080444
        }
      },
      {
        "seed": 2,
        "elapsed_sec": 7.579452584031969,
        "final": {
          "exo_baroque_index": 2.173708079711593,
          "real_per_capita_welfare": 0.10690529142969576,
          "gini_wealth": 0.6730306714234133,
          "a2a_share": 0.9906852328289265,
          "fold_max_depth": 6.0,
          "governance_overhead_fraction": 0.12059822094935975
        }
      },
      {
        "seed": 3,
        "elapsed_sec": 7.626796874974389,
        "final": {
          "exo_baroque_index": 2.158390666628808,
          "real_per_capita_welfare": 0.10701961095534869,
          "gini_wealth": 0.6761401453378719,
          "a2a_share": 0.9909094785732264,
          "fold_max_depth": 6.0,
          "governance_overhead_fraction": 0.12173743195273526
        }
      }
    ],
    "summary": {
      "exo_baroque_index": {
        "mean": 2.189241470353217,
        "std": 0.04224152286481641,
        "lo": 2.1622200198995043,
        "hi": 2.232068465368461,
        "n": 4
      },
      "real_per_capita_welfare": {
        "mean": 0.10724634761196518,
        "std": 0.0003702422290434203,
        "lo": 0.10696245119252223,
        "hi": 0.10755474035655085,
        "n": 4
      },
      "gini_wealth": {
        "mean": 0.6742986939747111,
        "std": 0.007194915094461569,
        "lo": 0.668045861234734,
        "hi": 0.6802648123087569,
        "n": 4
      },
      "a2a_share": {
        "mean": 0.9907873464089416,
        "std": 0.00010093066732875337,
        "lo": 0.9907062420642202,
        "hi": 0.9908684507536631,
        "n": 4
      },
      "fold_max_depth": {
        "mean": 6.0,
        "std": 0.0,
        "lo": 6.0,
        "hi": 6.0,
        "n": 4
      },
      "governance_overhead_fraction": {
        "mean": 0.12070200992856239,
        "std": 0.0007166196211015945,
        "lo": 0.12023483010188639,
        "hi": 0.12138938839988897,
        "n": 4
      }
    }
  },
  "400": {
    "n_steps": 400,
    "seeds": [
      {
        "seed": 0,
        "elapsed_sec": 14.760307207994629,
        "final": {
          "exo_baroque_index": 2.1876109413041163,
          "real_per_capita_welfare": 0.21851660590198174,
          "gini_wealth": 0.6826425908055468,
          "a2a_share": 0.9909213662725419,
          "fold_max_depth": 6.0,
          "governance_overhead_fraction": 0.11774565516642185
        }
      },
      {
        "seed": 1,
        "elapsed_sec": 14.74230704200454,
        "final": {
          "exo_baroque_index": 2.196474200541085,
          "real_per_capita_welfare": 0.21688755333906226,
          "gini_wealth": 0.6653137048721071,
          "a2a_share": 0.9907793205781383,
          "fold_max_depth": 6.0,
          "governance_overhead_fraction": 0.12028075646538772
        }
      },
      {
        "seed": 2,
        "elapsed_sec": 14.68711333401734,
        "final": {
          "exo_baroque_index": 2.156990543961173,
          "real_per_capita_welfare": 0.21565692333354822,
          "gini_wealth": 0.6729970622519964,
          "a2a_share": 0.9908390547660866,
          "fold_max_depth": 6.0,
          "governance_overhead_fraction": 0.12206209141987852
        }
      },
      {
        "seed": 3,
        "elapsed_sec": 14.713377957988996,
        "final": {
          "exo_baroque_index": 2.164465367123349,
          "real_per_capita_welfare": 0.21537492452096033,
          "gini_wealth": 0.6761069002699737,
          "a2a_share": 0.9907205008984321,
          "fold_max_depth": 6.0,
          "governance_overhead_fraction": 0.12014666466287892
        }
      }
    ],
    "summary": {
      "exo_baroque_index": {
        "mean": 2.1763852632324308,
        "std": 0.01868885861703312,
        "lo": 2.160727955542261,
        "hi": 2.1920979662928315,
        "n": 4
      },
      "real_per_capita_welfare": {
        "mean": 0.21660900177388814,
        "std": 0.0014313099485826104,
        "lo": 0.21551592392725427,
        "hi": 0.21780168525987337,
        "n": 4
      },
      "gini_wealth": {
        "mean": 0.674265064549906,
        "std": 0.007195136665194917,
        "lo": 0.6680120037215737,
        "hi": 0.6802312086671591,
        "n": 4
      },
      "a2a_share": {
        "mean": 0.9908150606287998,
        "std": 8.582055376201014e-05,
        "lo": 0.9907499107382851,
        "hi": 0.990885854848941,
        "n": 4
      },
      "fold_max_depth": {
        "mean": 6.0,
        "std": 0.0,
        "lo": 6.0,
        "hi": 6.0,
        "n": 4
      },
      "governance_overhead_fraction": {
        "mean": 0.12005879192864176,
        "std": 0.001772079795543249,
        "lo": 0.11837943049116331,
        "hi": 0.12117142394263311,
        "n": 4
      }
    }
  }
}