{
  "100": {
    "n_steps": 100,
    "seeds": [
      {
        "seed": 0,
        "elapsed_sec": 1.6358835410210304,
        "final": {
          "exo_baroque_index": 1.0558039220814615,
          "real_per_capita_welfare": 0.0856386712980858,
          "gini_wealth": 0.4976180188992262,
          "a2a_share": 0.998107332540369,
          "fold_max_depth": 0.0,
          "governance_overhead_fraction": 0.13544585049319366
        }
      },
      {
        "seed": 1,
        "elapsed_sec": 1.6276925419806503,
        "final": {
          "exo_baroque_index": 1.0543133961633948,
          "real_per_capita_welfare": 0.08921521949014022,
          "gini_wealth": 0.4904127053824032,
          "a2a_share": 0.9980331066144059,
          "fold_max_depth": 0.0,
          "governance_overhead_fraction": 0.1344979059104801
        }
      }
    ],
    "summary": {
      "exo_baroque_index": {
        "mean": 1.055058659122428,
        "std": 0.0010539609841992276,
        "lo": 1.0543133961633948,
        "hi": 1.0558039220814615,
        "n": 2
      },
      "real_per_capita_welfare": {
        "mean": 0.08742694539411301,
        "std": 0.002529001479842162,
        "lo": 0.0856386712980858,
        "hi": 0.08921521949014022,
        "n": 2
      },
      "gini_wealth": {
        "mean": 0.4940153621408147,
        "std": 0.005094926048320609,
        "lo": 0.4904127053824032,
        "hi": 0.4976180188992262,
        "n": 2
      },
      "a2a_share": {
        "mean": 0.9980702195773874,
        "std": 5.248565558833552e-05,
        "lo": 0.9980331066144059,
        "hi": 0.998107332540369,
        "n": 2
      },
      "fold_max_depth": {
        "mean": 0.0,
        "std": 0.0,
        "lo": 0.0,
        "hi": 0.0,
        "n": 2
      },
      "governance_overhead_fraction": {
        "mean": 0.13497187820183687,
        "std": 0.0006702980426258034,
        "lo": 0.1344979059104801,
        "hi": 0.13544585049319366,
        "n": 2
      }
    }
  },
  "200": {
    "n_steps": 200,
    "seeds": [
      {
        "seed": 0,
        "elapsed_sec": 3.3019929159781896,
        "final": {
          "exo_baroque_index": 1.055797418873987,
          "real_per_capita_welfare": 0.17129957839994236,
          "gini_wealth": 0.4975888027005559,
          "a2a_share": 0.9980742003853493,
          "fold_max_depth": 0.0,
          "governance_overhead_fraction": 0.13602122794578156
        }
      },
      {
        "seed": 1,
        "elapsed_sec": 3.396951375005301,
        "final": {
          "exo_baroque_index": 1.0543159955112362,
          "real_per_capita_welfare": 0.1784228583372077,
          "gini_wealth": 0.4903821824513803,
          "a2a_share": 0.9980651999362288,
          "fold_max_depth": 0.0,
          "governance_overhead_fraction": 0.13336391653673954
        }
      }
    ],
    "summary": {
      "exo_baroque_index": {
        "mean": 1.0550567071926116,
        "std": 0.0010475245056091988,
        "lo": 1.0543159955112362,
        "hi": 1.055797418873987,
        "n": 2
      },
      "real_per_capita_welfare": {
        "mean": 0.17486121836857504,
        "std": 0.005036919547930401,
        "lo": 0.17129957839994236,
        "hi": 0.1784228583372077,
        "n": 2
      },
      "gini_wealth": {
        "mean": 0.49398549257596813,
        "std": 0.005095850047628329,
        "lo": 0.4903821824513803,
        "hi": 0.4975888027005559,
        "n": 2
      },
      "a2a_share": {
        "mean": 0.998069700160789,
        "std": 6.364278606869157e-06,
        "lo": 0.9980651999362288,
        "hi": 0.9980742003853493,
        "n": 2
      },
      "fold_max_depth": {
        "mean": 0.0,
        "std": 0.0,
        "lo": 0.0,
        "hi": 0.0,
        "n": 2
      },
      "governance_overhead_fraction": {
        "mean": 0.13469257224126055,
        "std": 0.0018790029170579906,
        "lo": 0.13336391653673954,
        "hi": 0.13602122794578156,
        "n": 2
      }
    }
  },
  "400": {
    "n_steps": 400,
    "seeds": [
      {
        "seed": 0,
        "elapsed_sec": 6.850171666999813,
        "final": {
          "exo_baroque_index": 1.0558008538561114,
          "real_per_capita_welfare": 0.3425805752926339,
          "gini_wealth": 0.49753041388768504,
          "a2a_share": 0.9981030399898241,
          "fold_max_depth": 0.0,
          "governance_overhead_fraction": 0.1358725957828897
        }
      },
      {
        "seed": 1,
        "elapsed_sec": 6.785735750047024,
        "final": {
          "exo_baroque_index": 1.0543226750539678,
          "real_per_capita_welfare": 0.35677437835669334,
          "gini_wealth": 0.4903211542703054,
          "a2a_share": 0.9981450228356402,
          "fold_max_depth": 0.0,
          "governance_overhead_fraction": 0.1351836216222108
        }
      }
    ],
    "summary": {
      "exo_baroque_index": {
        "mean": 1.0550617644550395,
        "std": 0.0010452302548019658,
        "lo": 1.0543226750539678,
        "hi": 1.0558008538561114,
        "n": 2
      },
      "real_per_capita_welfare": {
        "mean": 0.34967747682466366,
        "std": 0.010036534397422818,
        "lo": 0.3425805752926339,
        "hi": 0.35677437835669334,
        "n": 2
      },
      "gini_wealth": {
        "mean": 0.49392578407899523,
        "std": 0.005097716362783461,
        "lo": 0.4903211542703054,
        "hi": 0.49753041388768504,
        "n": 2
      },
      "a2a_share": {
        "mean": 0.9981240314127322,
        "std": 2.968635497009856e-05,
        "lo": 0.9981030399898241,
        "hi": 0.9981450228356402,
        "n": 2
      },
      "fold_max_depth": {
        "mean": 0.0,
        "std": 0.0,
        "lo": 0.0,
        "hi": 0.0,
        "n": 2
      },
      "governance_overhead_fraction": {
        "mean": 0.13552810870255025,
        "std": 0.0004871783010783768,
        "lo": 0.1351836216222108,
        "hi": 0.1358725957828897,
        "n": 2
      }
    }
  }
}