{
  "200": {
    "n_steps": 200,
    "seeds": [
      {
        "seed": 0,
        "elapsed_sec": 5.91278637497453,
        "final": {
          "exo_baroque_index": 1.046993394998926,
          "real_per_capita_welfare": 0.2770219727548938,
          "gini_wealth": 0.49755401601764876,
          "a2a_share": 0.9906899444628079,
          "fold_max_depth": 0.0,
          "governance_overhead_fraction": 0.11844003290876688
        }
      },
      {
        "seed": 1,
        "elapsed_sec": 5.843675124982838,
        "final": {
          "exo_baroque_index": 1.0466900166648625,
          "real_per_capita_welfare": 0.2800276160575097,
          "gini_wealth": 0.49034883852225697,
          "a2a_share": 0.9907407932372648,
          "fold_max_depth": 0.0,
          "governance_overhead_fraction": 0.11720729324906132
        }
      },
      {
        "seed": 2,
        "elapsed_sec": 5.979113582987338,
        "final": {
          "exo_baroque_index": 1.0462717418427279,
          "real_per_capita_welfare": 0.2847575956224779,
          "gini_wealth": 0.493398675235729,
          "a2a_share": 0.9908459778590966,
          "fold_max_depth": 0.0,
          "governance_overhead_fraction": 0.11592896523714935
        }
      },
      {
        "seed": 3,
        "elapsed_sec": 5.898425500025041,
        "final": {
          "exo_baroque_index": 1.046888559330145,
          "real_per_capita_welfare": 0.2781039841251206,
          "gini_wealth": 0.4921574293897073,
          "a2a_share": 0.990790069254973,
          "fold_max_depth": 0.0,
          "governance_overhead_fraction": 0.11831503542736689
        }
      }
    ],
    "summary": {
      "exo_baroque_index": {
        "mean": 1.0467109282091653,
        "std": 0.00031867551919775427,
        "lo": 1.0464521551317774,
        "hi": 1.0469409771645355,
        "n": 4
      },
      "real_per_capita_welfare": {
        "mean": 0.2799777921400005,
        "std": 0.0034203814830054352,
        "lo": 0.2775629784400072,
        "hi": 0.2828236899055819,
        "n": 4
      },
      "gini_wealth": {
        "mean": 0.4933647397913355,
        "std": 0.003060743144262451,
        "lo": 0.491111297700625,
        "hi": 0.49620486936066344,
        "n": 4
      },
      "a2a_share": {
        "mean": 0.9907666962035355,
        "std": 6.681734756868157e-05,
        "lo": 0.9907149756608493,
        "hi": 0.9908180235570349,
        "n": 4
      },
      "fold_max_depth": {
        "mean": 0.0,
        "std": 0.0,
        "lo": 0.0,
        "hi": 0.0,
        "n": 4
      },
      "governance_overhead_fraction": {
        "mean": 0.1174728317055861,
        "std": 0.0011688768998020696,
        "lo": 0.11655673215505373,
        "hi": 0.11837753416806689,
        "n": 4
      }
    }
  },
  "400": {
    "n_steps": 400,
    "seeds": [
      {
        "seed": 0,
        "elapsed_sec": 11.371296291006729,
        "final": {
          "exo_baroque_index": 1.0470090151680411,
          "real_per_capita_welfare": 0.5536220165712314,
          "gini_wealth": 0.4974603834333217,
          "a2a_share": 0.9909101174789365,
          "fold_max_depth": 0.0,
          "governance_overhead_fraction": 0.1164739300729408
        }
      },
      {
        "seed": 1,
        "elapsed_sec": 11.42884512495948,
        "final": {
          "exo_baroque_index": 1.0466137661006958,
          "real_per_capita_welfare": 0.5616489949907315,
          "gini_wealth": 0.4902530936420523,
          "a2a_share": 0.9908465406514428,
          "fold_max_depth": 0.0,
          "governance_overhead_fraction": 0.11696305302283075
        }
      },
      {
        "seed": 2,
        "elapsed_sec": 11.3351161670289,
        "final": {
          "exo_baroque_index": 1.046246588009274,
          "real_per_capita_welfare": 0.570119379808567,
          "gini_wealth": 0.4933011962962959,
          "a2a_share": 0.990781365994375,
          "fold_max_depth": 0.0,
          "governance_overhead_fraction": 0.11861605374421125
        }
      },
      {
        "seed": 3,
        "elapsed_sec": 11.408469958987553,
        "final": {
          "exo_baroque_index": 1.0468419795270396,
          "real_per_capita_welfare": 0.5571443819821963,
          "gini_wealth": 0.49206227842638683,
          "a2a_share": 0.9907679643037043,
          "fold_max_depth": 0.0,
          "governance_overhead_fraction": 0.11706136427218346
        }
      }
    ],
    "summary": {
      "exo_baroque_index": {
        "mean": 1.0466778372012626,
        "std": 0.00033000127288125824,
        "lo": 1.0464301770549849,
        "hi": 1.0469254973475404,
        "n": 4
      },
      "real_per_capita_welfare": {
        "mean": 0.5606336933381815,
        "std": 0.007126195574155009,
        "lo": 0.5553831992767139,
        "hi": 0.5659950389992331,
        "n": 4
      },
      "gini_wealth": {
        "mean": 0.49326923794951416,
        "std": 0.003061622640380533,
        "lo": 0.49101511930561315,
        "hi": 0.49611085718158804,
        "n": 4
      },
      "a2a_share": {
        "mean": 0.9908264971071147,
        "std": 6.546504580068533e-05,
        "lo": 0.9907746651490397,
        "hi": 0.9908783290651897,
        "n": 4
      },
      "fold_max_depth": {
        "mean": 0.0,
        "std": 0.0,
        "lo": 0.0,
        "hi": 0.0,
        "n": 4
      },
      "governance_overhead_fraction": {
        "mean": 0.11727860027804156,
        "std": 0.0009279075862136408,
        "lo": 0.11662078862275146,
        "hi": 0.11808052282639364,
        "n": 4
      }
    }
  }
}