{
  "200": {
    "n_steps": 200,
    "seeds": [
      {
        "seed": 0,
        "elapsed_sec": 7.931455082958564,
        "final": {
          "exo_baroque_index": 3.492416888035099,
          "real_per_capita_welfare": 0.08636978786106375,
          "gini_wealth": 0.49457385139507887,
          "a2a_share": 0.9925729635042094,
          "fold_max_depth": 6.0,
          "governance_overhead_fraction": 0.124657720419878
        }
      },
      {
        "seed": 1,
        "elapsed_sec": 7.467992042016704,
        "final": {
          "exo_baroque_index": 3.603941782337135,
          "real_per_capita_welfare": 0.08595583310559608,
          "gini_wealth": 0.48865457820135577,
          "a2a_share": 0.9928809291461512,
          "fold_max_depth": 6.0,
          "governance_overhead_fraction": 0.12371830942306375
        }
      },
      {
        "seed": 2,
        "elapsed_sec": 6.952718582993839,
        "final": {
          "exo_baroque_index": 3.489981847459647,
          "real_per_capita_welfare": 0.08514133382576844,
          "gini_wealth": 0.4906882469945112,
          "a2a_share": 0.9928803656969546,
          "fold_max_depth": 6.0,
          "governance_overhead_fraction": 0.1242731052978229
        }
      },
      {
        "seed": 3,
        "elapsed_sec": 6.587346541986335,
        "final": {
          "exo_baroque_index": 3.3444224293156797,
          "real_per_capita_welfare": 0.08698773094260406,
          "gini_wealth": 0.4917052009226307,
          "a2a_share": 0.9927854829326078,
          "fold_max_depth": 6.0,
          "governance_overhead_fraction": 0.1253217340312669
        }
      }
    ],
    "summary": {
      "exo_baroque_index": {
        "mean": 3.4826907367868905,
        "std": 0.10640754862152427,
        "lo": 3.3814210439955343,
        "hi": 3.5754670176213597,
        "n": 4
      },
      "real_per_capita_welfare": {
        "mean": 0.08611367143375809,
        "std": 0.000774581394708973,
        "lo": 0.08544844733459227,
        "hi": 0.08672975648335207,
        "n": 4
      },
      "gini_wealth": {
        "mean": 0.49140546937839413,
        "std": 0.002463756875052941,
        "lo": 0.48941723388167446,
        "hi": 0.49360245029493693,
        "n": 4
      },
      "a2a_share": {
        "mean": 0.9927799353199808,
        "std": 0.00014509091640898687,
        "lo": 0.9926498140523957,
        "hi": 0.9928806474215529,
        "n": 4
      },
      "fold_max_depth": {
        "mean": 6.0,
        "std": 0.0,
        "lo": 6.0,
        "hi": 6.0,
        "n": 4
      },
      "governance_overhead_fraction": {
        "mean": 0.12449271729300788,
        "std": 0.0006739020110894129,
        "lo": 0.12395316217226732,
        "hi": 0.1250595768479059,
        "n": 4
      }
    }
  },
  "400": {
    "n_steps": 400,
    "seeds": [
      {
        "seed": 0,
        "elapsed_sec": 13.176428958016913,
        "final": {
          "exo_baroque_index": 3.922567982783132,
          "real_per_capita_welfare": 0.1517901281864612,
          "gini_wealth": 0.4945423925076467,
          "a2a_share": 0.9933678989576297,
          "fold_max_depth": 6.0,
          "governance_overhead_fraction": 0.12241752480655871
        }
      },
      {
        "seed": 1,
        "elapsed_sec": 12.533669417025521,
        "final": {
          "exo_baroque_index": 3.979728978118485,
          "real_per_capita_welfare": 0.1504162043871885,
          "gini_wealth": 0.48862359347996187,
          "a2a_share": 0.9938118697666093,
          "fold_max_depth": 6.0,
          "governance_overhead_fraction": 0.12568595440285923
        }
      },
      {
        "seed": 2,
        "elapsed_sec": 12.517972583998926,
        "final": {
          "exo_baroque_index": 3.8502558328950527,
          "real_per_capita_welfare": 0.1501134550877986,
          "gini_wealth": 0.4906569709669962,
          "a2a_share": 0.9927538052344289,
          "fold_max_depth": 6.0,
          "governance_overhead_fraction": 0.12666753902523284
        }
      },
      {
        "seed": 3,
        "elapsed_sec": 12.551200499990955,
        "final": {
          "exo_baroque_index": 3.8829886004323133,
          "real_per_capita_welfare": 0.15142398614904282,
          "gini_wealth": 0.4916741519933685,
          "a2a_share": 0.9937384869900545,
          "fold_max_depth": 6.0,
          "governance_overhead_fraction": 0.12393247847442726
        }
      }
    ],
    "summary": {
      "exo_baroque_index": {
        "mean": 3.908885348557246,
        "std": 0.05571982292086909,
        "lo": 3.866622216663683,
        "hi": 3.9557912548366336,
        "n": 4
      },
      "real_per_capita_welfare": {
        "mean": 0.1509359434526228,
        "std": 0.0007988393746474101,
        "lo": 0.15026482973749355,
        "hi": 0.15160705716775202,
        "n": 4
      },
      "gini_wealth": {
        "mean": 0.4913742772369933,
        "std": 0.002463579283199689,
        "lo": 0.48938623310831353,
        "hi": 0.49357103712248407,
        "n": 4
      },
      "a2a_share": {
        "mean": 0.9934180152371807,
        "std": 0.00048356664620746324,
        "lo": 0.9929999756733353,
        "hi": 0.993775178378332,
        "n": 4
      },
      "fold_max_depth": {
        "mean": 6.0,
        "std": 0.0,
        "lo": 6.0,
        "hi": 6.0,
        "n": 4
      },
      "governance_overhead_fraction": {
        "mean": 0.1246758741772695,
        "std": 0.0018832392289115738,
        "lo": 0.12317500164049297,
        "hi": 0.12617674671404605,
        "n": 4
      }
    }
  }
}