{
  "200": {
    "n_steps": 200,
    "seeds": [
      {
        "seed": 0,
        "elapsed_sec": 4.086899083980825,
        "final": {
          "exo_baroque_index": 2.2499645501925762,
          "real_per_capita_welfare": 0.3495339196061708,
          "gini_wealth": 0.5001962137479607,
          "a2a_share": 0.9999824085095904,
          "fold_max_depth": 6.0,
          "governance_overhead_fraction": 0.134048112577731
        }
      },
      {
        "seed": 1,
        "elapsed_sec": 4.126642458024435,
        "final": {
          "exo_baroque_index": 2.283522225616836,
          "real_per_capita_welfare": 0.3052621019626311,
          "gini_wealth": 0.4951496174739309,
          "a2a_share": 0.9999775129034512,
          "fold_max_depth": 6.0,
          "governance_overhead_fraction": 0.1371820139959601
        }
      },
      {
        "seed": 2,
        "elapsed_sec": 4.067029875004664,
        "final": {
          "exo_baroque_index": 2.2779145482064127,
          "real_per_capita_welfare": 0.3121055771938847,
          "gini_wealth": 0.49881995812928176,
          "a2a_share": 0.9999762864595686,
          "fold_max_depth": 6.0,
          "governance_overhead_fraction": 0.1394352454716265
        }
      },
      {
        "seed": 3,
        "elapsed_sec": 4.084173000010196,
        "final": {
          "exo_baroque_index": 2.299903417408646,
          "real_per_capita_welfare": 0.28703772109251435,
          "gini_wealth": 0.5111012854777393,
          "a2a_share": 0.9999797189765955,
          "fold_max_depth": 6.0,
          "governance_overhead_fraction": 0.14055556500178532
        }
      }
    ],
    "summary": {
      "exo_baroque_index": {
        "mean": 2.2778261853561177,
        "std": 0.020785632631960822,
        "lo": 2.258353969048641,
        "hi": 2.294406200108088,
        "n": 4
      },
      "real_per_capita_welfare": {
        "mean": 0.3134848299638002,
        "std": 0.026258344868364217,
        "lo": 0.29330468511785696,
        "hi": 0.3384659651952859,
        "n": 4
      },
      "gini_wealth": {
        "mean": 0.5013167687072282,
        "std": 0.006861978073550338,
        "lo": 0.49641126654243833,
        "hi": 0.5080309536406249,
        "n": 4
      },
      "a2a_share": {
        "mean": 0.9999789817123015,
        "std": 2.689999072592248e-06,
        "lo": 0.9999768996815099,
        "hi": 0.9999811846080555,
        "n": 4
      },
      "fold_max_depth": {
        "mean": 6.0,
        "std": 0.0,
        "lo": 6.0,
        "hi": 6.0,
        "n": 4
      },
      "governance_overhead_fraction": {
        "mean": 0.13780523426177574,
        "std": 0.0028708664529559277,
        "lo": 0.1353948958012049,
        "hi": 0.1399954052367059,
        "n": 4
      }
    }
  },
  "400": {
    "n_steps": 400,
    "seeds": [
      {
        "seed": 0,
        "elapsed_sec": 8.140476792003028,
        "final": {
          "exo_baroque_index": 2.2657832770105464,
          "real_per_capita_welfare": 0.671362554710038,
          "gini_wealth": 0.5000951102570463,
          "a2a_share": 0.9999834806115477,
          "fold_max_depth": 6.0,
          "governance_overhead_fraction": 0.13427525259091974
        }
      },
      {
        "seed": 1,
        "elapsed_sec": 8.199755208042916,
        "final": {
          "exo_baroque_index": 2.3021936835323644,
          "real_per_capita_welfare": 0.5869689484647107,
          "gini_wealth": 0.4950615828165389,
          "a2a_share": 0.999982106857845,
          "fold_max_depth": 6.0,
          "governance_overhead_fraction": 0.13770368833091212
        }
      },
      {
        "seed": 2,
        "elapsed_sec": 8.163517540961038,
        "final": {
          "exo_baroque_index": 2.2959161226124927,
          "real_per_capita_welfare": 0.6000929261969629,
          "gini_wealth": 0.4987297293663182,
          "a2a_share": 0.9999767635705218,
          "fold_max_depth": 6.0,
          "governance_overhead_fraction": 0.13743094820627869
        }
      },
      {
        "seed": 3,
        "elapsed_sec": 8.136230667005293,
        "final": {
          "exo_baroque_index": 2.3200741267733527,
          "real_per_capita_welfare": 0.5523291670469598,
          "gini_wealth": 0.5110190754838778,
          "a2a_share": 0.9999801797397302,
          "fold_max_depth": 6.0,
          "governance_overhead_fraction": 0.13908416102770962
        }
      }
    ],
    "summary": {
      "exo_baroque_index": {
        "mean": 2.295991802482189,
        "std": 0.02259042872869581,
        "lo": 2.274885878641001,
        "hi": 2.3140346257331377,
        "n": 4
      },
      "real_per_capita_welfare": {
        "mean": 0.6026883991046678,
        "std": 0.05002009432747793,
        "lo": 0.5642701068344605,
        "hi": 0.6502641531487062,
        "n": 4
      },
      "gini_wealth": {
        "mean": 0.5012263744809453,
        "std": 0.006865727559674825,
        "lo": 0.4963199646766657,
        "hi": 0.5079467389544878,
        "n": 4
      },
      "a2a_share": {
        "mean": 0.9999806326949111,
        "std": 2.9131356222558018e-06,
        "lo": 0.9999784428307782,
        "hi": 0.9999827937346963,
        "n": 4
      },
      "fold_max_depth": {
        "mean": 6.0,
        "std": 0.0,
        "lo": 6.0,
        "hi": 6.0,
        "n": 4
      },
      "governance_overhead_fraction": {
        "mean": 0.13712351253895502,
        "std": 0.002032063636401301,
        "lo": 0.13513236152591784,
        "hi": 0.1386708578223519,
        "n": 4
      }
    }
  }
}