{
  "200": {
    "n_steps": 200,
    "seeds": [
      {
        "seed": 0,
        "elapsed_sec": 6.522108124976512,
        "final": {
          "exo_baroque_index": 4.71214296338191,
          "real_per_capita_welfare": 0.09536603096203476,
          "gini_wealth": 0.4945716810689214,
          "a2a_share": 0.9920388194593212,
          "fold_max_depth": 6.0,
          "governance_overhead_fraction": 0.124657720419878
        }
      },
      {
        "seed": 1,
        "elapsed_sec": 6.532063457998447,
        "final": {
          "exo_baroque_index": 4.839332490624067,
          "real_per_capita_welfare": 0.09496697654645816,
          "gini_wealth": 0.48865240413200023,
          "a2a_share": 0.9922343449069289,
          "fold_max_depth": 6.0,
          "governance_overhead_fraction": 0.12371830942306375
        }
      },
      {
        "seed": 2,
        "elapsed_sec": 6.505987041979097,
        "final": {
          "exo_baroque_index": 4.718880927941301,
          "real_per_capita_welfare": 0.09412046362680289,
          "gini_wealth": 0.49068608060661323,
          "a2a_share": 0.9922471955933017,
          "fold_max_depth": 6.0,
          "governance_overhead_fraction": 0.1242731052978229
        }
      },
      {
        "seed": 3,
        "elapsed_sec": 6.461684166977648,
        "final": {
          "exo_baroque_index": 4.380618047127396,
          "real_per_capita_welfare": 0.09603005686139543,
          "gini_wealth": 0.4917030196550926,
          "a2a_share": 0.9921724653952212,
          "fold_max_depth": 6.0,
          "governance_overhead_fraction": 0.1253217340312669
        }
      }
    ],
    "summary": {
      "exo_baroque_index": {
        "mean": 4.662743607268669,
        "std": 0.19695190662226664,
        "lo": 4.465183767330872,
        "hi": 4.8075351088135285,
        "n": 4
      },
      "real_per_capita_welfare": {
        "mean": 0.0951208819991728,
        "std": 0.0007981688944578903,
        "lo": 0.09443185546061086,
        "hi": 0.0957642867826611,
        "n": 4
      },
      "gini_wealth": {
        "mean": 0.4914032963656569,
        "std": 0.0024637574423580387,
        "lo": 0.4894150580127733,
        "hi": 0.49360028095334435,
        "n": 4
      },
      "a2a_share": {
        "mean": 0.9921732063386932,
        "std": 9.53462403873496e-05,
        "lo": 0.9920877008212231,
        "hi": 0.9922407702501153,
        "n": 4
      },
      "fold_max_depth": {
        "mean": 6.0,
        "std": 0.0,
        "lo": 6.0,
        "hi": 6.0,
        "n": 4
      },
      "governance_overhead_fraction": {
        "mean": 0.12449271729300788,
        "std": 0.0006739020110894129,
        "lo": 0.12395316217226732,
        "hi": 0.1250595768479059,
        "n": 4
      }
    }
  },
  "400": {
    "n_steps": 400,
    "seeds": [
      {
        "seed": 0,
        "elapsed_sec": 12.659379167016596,
        "final": {
          "exo_baroque_index": 4.738248706221229,
          "real_per_capita_welfare": 0.18075626420831623,
          "gini_wealth": 0.4945301545857684,
          "a2a_share": 0.9924562435725869,
          "fold_max_depth": 6.0,
          "governance_overhead_fraction": 0.12241752480655872
        }
      },
      {
        "seed": 1,
        "elapsed_sec": 12.42242170899408,
        "final": {
          "exo_baroque_index": 4.773235700424894,
          "real_per_capita_welfare": 0.1792703338656315,
          "gini_wealth": 0.4886114156213235,
          "a2a_share": 0.9928845789340075,
          "fold_max_depth": 6.0,
          "governance_overhead_fraction": 0.12568595440285923
        }
      },
      {
        "seed": 2,
        "elapsed_sec": 12.454313332971651,
        "final": {
          "exo_baroque_index": 4.611762955663551,
          "real_per_capita_welfare": 0.1790170364173217,
          "gini_wealth": 0.49064475237765703,
          "a2a_share": 0.9921284172306059,
          "fold_max_depth": 6.0,
          "governance_overhead_fraction": 0.12666753902523284
        }
      },
      {
        "seed": 3,
        "elapsed_sec": 12.350331458030269,
        "final": {
          "exo_baroque_index": 4.624916799736746,
          "real_per_capita_welfare": 0.18031468047118987,
          "gini_wealth": 0.491661961938459,
          "a2a_share": 0.9928666454296009,
          "fold_max_depth": 6.0,
          "governance_overhead_fraction": 0.12393247847442725
        }
      }
    ],
    "summary": {
      "exo_baroque_index": {
        "mean": 4.6870410405116045,
        "std": 0.08078357047329116,
        "lo": 4.618339877700148,
        "hi": 4.755960872036833,
        "n": 4
      },
      "real_per_capita_welfare": {
        "mean": 0.17983957874061485,
        "std": 0.0008299898598564509,
        "lo": 0.1791436851414766,
        "hi": 0.18053547233975303,
        "n": 4
      },
      "gini_wealth": {
        "mean": 0.49136207113080194,
        "std": 0.0024635569947798943,
        "lo": 0.48937405220060737,
        "hi": 0.49355880403374053,
        "n": 4
      },
      "a2a_share": {
        "mean": 0.9925839712917002,
        "std": 0.00036245160396982756,
        "lo": 0.9922923304015964,
        "hi": 0.9928756121818042,
        "n": 4
      },
      "fold_max_depth": {
        "mean": 6.0,
        "std": 0.0,
        "lo": 6.0,
        "hi": 6.0,
        "n": 4
      },
      "governance_overhead_fraction": {
        "mean": 0.1246758741772695,
        "std": 0.0018832392289115701,
        "lo": 0.12317500164049298,
        "hi": 0.12617674671404605,
        "n": 4
      }
    }
  }
}