{
  "200": {
    "n_steps": 200,
    "seeds": [
      {
        "seed": 0,
        "elapsed_sec": 9.85368154203752,
        "final": {
          "exo_baroque_index": 20056118.681328494,
          "real_per_capita_welfare": 0.08145808970573135,
          "gini_wealth": 0.49457249213607796,
          "a2a_share": 0.9921774902514908,
          "fold_max_depth": 10.0,
          "governance_overhead_fraction": 0.12449034350488776
        }
      },
      {
        "seed": 1,
        "elapsed_sec": 9.16246212500846,
        "final": {
          "exo_baroque_index": 22873779.116406575,
          "real_per_capita_welfare": 0.08204355756636099,
          "gini_wealth": 0.4886531380021712,
          "a2a_share": 0.9927293775122681,
          "fold_max_depth": 10.0,
          "governance_overhead_fraction": 0.12420308715057093
        }
      },
      {
        "seed": 2,
        "elapsed_sec": 9.049968041013926,
        "final": {
          "exo_baroque_index": 20620331.98831609,
          "real_per_capita_welfare": 0.07995029358183561,
          "gini_wealth": 0.490687036828018,
          "a2a_share": 0.9924619720166782,
          "fold_max_depth": 10.0,
          "governance_overhead_fraction": 0.1255142284663973
        }
      },
      {
        "seed": 3,
        "elapsed_sec": 9.026239499973599,
        "final": {
          "exo_baroque_index": 21414434.032886162,
          "real_per_capita_welfare": 0.08134212432463803,
          "gini_wealth": 0.4917041032132673,
          "a2a_share": 0.9924183746481527,
          "fold_max_depth": 10.0,
          "governance_overhead_fraction": 0.12540764394594128
        }
      }
    ],
    "summary": {
      "exo_baroque_index": {
        "mean": 21241165.95473433,
        "std": 1222731.8344097484,
        "lo": 20338225.33482229,
        "hi": 22310417.334383953,
        "n": 4
      },
      "real_per_capita_welfare": {
        "mean": 0.08119851629464149,
        "std": 0.0008869716856995454,
        "lo": 0.08032724261280955,
        "hi": 0.08186892403956209,
        "n": 4
      },
      "gini_wealth": {
        "mean": 0.49140419254488366,
        "std": 0.002463783143040004,
        "lo": 0.48941587930494523,
        "hi": 0.49360112830906294,
        "n": 4
      },
      "a2a_share": {
        "mean": 0.9924468036071474,
        "std": 0.00022613858711519733,
        "lo": 0.9922486106927877,
        "hi": 0.9926516267962393,
        "n": 4
      },
      "fold_max_depth": {
        "mean": 10.0,
        "std": 0.0,
        "lo": 10.0,
        "hi": 10.0,
        "n": 4
      },
      "governance_overhead_fraction": {
        "mean": 0.1249038257669493,
        "std": 0.0006553437781041799,
        "lo": 0.12434491997551486,
        "hi": 0.12546093620616927,
        "n": 4
      }
    }
  },
  "400": {
    "n_steps": 400,
    "seeds": [
      {
        "seed": 0,
        "elapsed_sec": 19.822218667017296,
        "final": {
          "exo_baroque_index": 23540924.877078682,
          "real_per_capita_welfare": 0.15475954695421013,
          "gini_wealth": 0.4945329705074953,
          "a2a_share": 0.9922534298376249,
          "fold_max_depth": 10.0,
          "governance_overhead_fraction": 0.12333696930715268
        }
      },
      {
        "seed": 1,
        "elapsed_sec": 16.098314250004478,
        "final": {
          "exo_baroque_index": 21123125.144953907,
          "real_per_capita_welfare": 0.15427481244209024,
          "gini_wealth": 0.48861417651187017,
          "a2a_share": 0.992527971712114,
          "fold_max_depth": 10.0,
          "governance_overhead_fraction": 0.1256553364279738
        }
      },
      {
        "seed": 2,
        "elapsed_sec": 14.514850125007797,
        "final": {
          "exo_baroque_index": 22579028.064538468,
          "real_per_capita_welfare": 0.15192003802002627,
          "gini_wealth": 0.49064803011992847,
          "a2a_share": 0.9928028864261151,
          "fold_max_depth": 10.0,
          "governance_overhead_fraction": 0.12773266946665102
        }
      },
      {
        "seed": 3,
        "elapsed_sec": 14.834609499957878,
        "final": {
          "exo_baroque_index": 21973651.110042103,
          "real_per_capita_welfare": 0.15348658997114525,
          "gini_wealth": 0.4916651627447404,
          "a2a_share": 0.992891652291463,
          "fold_max_depth": 10.0,
          "governance_overhead_fraction": 0.12525079653721607
        }
      }
    ],
    "summary": {
      "exo_baroque_index": {
        "mean": 22304182.29915329,
        "std": 1018040.4817203997,
        "lo": 21487100.874850046,
        "hi": 23149106.435319535,
        "n": 4
      },
      "real_per_capita_welfare": {
        "mean": 0.15361024684686797,
        "std": 0.0012429313561545987,
        "lo": 0.15262991525357222,
        "hi": 0.15451717969815018,
        "n": 4
      },
      "gini_wealth": {
        "mean": 0.49136508497100856,
        "std": 0.002463548284662207,
        "lo": 0.48937692307008773,
        "hi": 0.49356173541060355,
        "n": 4
      },
      "a2a_share": {
        "mean": 0.9926189850668292,
        "std": 0.0002887220010505287,
        "lo": 0.9923907007748695,
        "hi": 0.9928472693587891,
        "n": 4
      },
      "fold_max_depth": {
        "mean": 10.0,
        "std": 0.0,
        "lo": 10.0,
        "hi": 10.0,
        "n": 4
      },
      "governance_overhead_fraction": {
        "mean": 0.1254939429347484,
        "std": 0.0018027386337714617,
        "lo": 0.12391656108735796,
        "hi": 0.12669400294731242,
        "n": 4
      }
    }
  }
}