{
  "100": {
    "n_steps": 100,
    "seeds": [
      {
        "seed": 0,
        "elapsed_sec": 2.019723791978322,
        "final": {
          "exo_baroque_index": 25074921.938735493,
          "real_per_capita_welfare": 0.026448389033999927,
          "gini_wealth": 0.4945846134226253,
          "a2a_share": 0.9999793194598241,
          "fold_max_depth": 10.0,
          "governance_overhead_fraction": 0.13766383282412853
        }
      },
      {
        "seed": 1,
        "elapsed_sec": 1.9936983750085346,
        "final": {
          "exo_baroque_index": 25378198.20389236,
          "real_per_capita_welfare": 0.025290136586683123,
          "gini_wealth": 0.48866552469113694,
          "a2a_share": 0.999976636059905,
          "fold_max_depth": 10.0,
          "governance_overhead_fraction": 0.13786601985446723
        }
      }
    ],
    "summary": {
      "exo_baroque_index": {
        "mean": 25226560.071313925,
        "std": 214448.70366535144,
        "lo": 25074921.938735493,
        "hi": 25378198.20389236,
        "n": 2
      },
      "real_per_capita_welfare": {
        "mean": 0.025869262810341527,
        "std": 0.0008190081598236262,
        "lo": 0.025290136586683123,
        "hi": 0.026448389033999927,
        "n": 2
      },
      "gini_wealth": {
        "mean": 0.4916250690568811,
        "std": 0.004185427780480279,
        "lo": 0.48866552469113694,
        "hi": 0.4945846134226253,
        "n": 2
      },
      "a2a_share": {
        "mean": 0.9999779777598645,
        "std": 1.8974502793926106e-06,
        "lo": 0.999976636059905,
        "hi": 0.9999793194598241,
        "n": 2
      },
      "fold_max_depth": {
        "mean": 10.0,
        "std": 0.0,
        "lo": 10.0,
        "hi": 10.0,
        "n": 2
      },
      "governance_overhead_fraction": {
        "mean": 0.13776492633929788,
        "std": 0.0001429678202204624,
        "lo": 0.13766383282412853,
        "hi": 0.13786601985446723,
        "n": 2
      }
    }
  },
  "200": {
    "n_steps": 200,
    "seeds": [
      {
        "seed": 0,
        "elapsed_sec": 4.038675666961353,
        "final": {
          "exo_baroque_index": 25167503.29172979,
          "real_per_capita_welfare": 0.05151347834259255,
          "gini_wealth": 0.4945782788664987,
          "a2a_share": 0.9999854550329697,
          "fold_max_depth": 10.0,
          "governance_overhead_fraction": 0.13692191364723366
        }
      },
      {
        "seed": 1,
        "elapsed_sec": 4.028933333000168,
        "final": {
          "exo_baroque_index": 25476764.925242737,
          "real_per_capita_welfare": 0.04927166082692135,
          "gini_wealth": 0.4886594594429344,
          "a2a_share": 0.9999821652415843,
          "fold_max_depth": 10.0,
          "governance_overhead_fraction": 0.13699562030055729
        }
      }
    ],
    "summary": {
      "exo_baroque_index": {
        "mean": 25322134.108486265,
        "std": 218680.99821783416,
        "lo": 25167503.29172979,
        "hi": 25476764.925242737,
        "n": 2
      },
      "real_per_capita_welfare": {
        "mean": 0.05039256958475695,
        "std": 0.001585204367513885,
        "lo": 0.04927166082692135,
        "hi": 0.05151347834259255,
        "n": 2
      },
      "gini_wealth": {
        "mean": 0.49161886915471653,
        "std": 0.004185237351020979,
        "lo": 0.4886594594429344,
        "hi": 0.4945782788664987,
        "n": 2
      },
      "a2a_share": {
        "mean": 0.999983810137277,
        "std": 2.3262337972404082e-06,
        "lo": 0.9999821652415843,
        "hi": 0.9999854550329697,
        "n": 2
      },
      "fold_max_depth": {
        "mean": 10.0,
        "std": 0.0,
        "lo": 10.0,
        "hi": 10.0,
        "n": 2
      },
      "governance_overhead_fraction": {
        "mean": 0.13695876697389547,
        "std": 5.211847438370061e-05,
        "lo": 0.13692191364723366,
        "hi": 0.13699562030055729,
        "n": 2
      }
    }
  },
  "400": {
    "n_steps": 400,
    "seeds": [
      {
        "seed": 0,
        "elapsed_sec": 8.086478791025002,
        "final": {
          "exo_baroque_index": 25448494.25051182,
          "real_per_capita_welfare": 0.09767502913823486,
          "gini_wealth": 0.49455322292408443,
          "a2a_share": 0.9999818032699523,
          "fold_max_depth": 10.0,
          "governance_overhead_fraction": 0.13764367887942355
        }
      },
      {
        "seed": 1,
        "elapsed_sec": 8.011719166999683,
        "final": {
          "exo_baroque_index": 25771508.703936934,
          "real_per_capita_welfare": 0.09345621127575648,
          "gini_wealth": 0.4886354774684654,
          "a2a_share": 0.9999829813527993,
          "fold_max_depth": 10.0,
          "governance_overhead_fraction": 0.13877498154701062
        }
      }
    ],
    "summary": {
      "exo_baroque_index": {
        "mean": 25610001.47722438,
        "std": 228405.7104381637,
        "lo": 25448494.25051182,
        "hi": 25771508.703936934,
        "n": 2
      },
      "real_per_capita_welfare": {
        "mean": 0.09556562020699567,
        "std": 0.002983154719149398,
        "lo": 0.09345621127575648,
        "hi": 0.09767502913823486,
        "n": 2
      },
      "gini_wealth": {
        "mean": 0.49159435019627495,
        "std": 0.004184477941004082,
        "lo": 0.4886354774684654,
        "hi": 0.49455322292408443,
        "n": 2
      },
      "a2a_share": {
        "mean": 0.9999823923113758,
        "std": 8.330303698723102e-07,
        "lo": 0.9999818032699523,
        "hi": 0.9999829813527993,
        "n": 2
      },
      "fold_max_depth": {
        "mean": 10.0,
        "std": 0.0,
        "lo": 10.0,
        "hi": 10.0,
        "n": 2
      },
      "governance_overhead_fraction": {
        "mean": 0.13820933021321707,
        "std": 0.0007999517878252476,
        "lo": 0.13764367887942355,
        "hi": 0.13877498154701062,
        "n": 2
      }
    }
  }
}