{
  "200": {
    "n_steps": 200,
    "seeds": [
      {
        "seed": 0,
        "elapsed_sec": 6.60173166700406,
        "final": {
          "exo_baroque_index": 6.570684010789512,
          "real_per_capita_welfare": 0.0925654263288357,
          "gini_wealth": 0.4945720414104649,
          "a2a_share": 0.9923974191503941,
          "fold_max_depth": 6.0,
          "governance_overhead_fraction": 0.13422001787184204
        }
      },
      {
        "seed": 1,
        "elapsed_sec": 6.574495166016277,
        "final": {
          "exo_baroque_index": 6.553044480462157,
          "real_per_capita_welfare": 0.09100964044514327,
          "gini_wealth": 0.48865301364646213,
          "a2a_share": 0.9925051125458312,
          "fold_max_depth": 6.0,
          "governance_overhead_fraction": 0.13322370526450308
        }
      },
      {
        "seed": 2,
        "elapsed_sec": 6.476723750005476,
        "final": {
          "exo_baroque_index": 6.791526845407961,
          "real_per_capita_welfare": 0.08936615250955678,
          "gini_wealth": 0.49068685051871647,
          "a2a_share": 0.9923680240169224,
          "fold_max_depth": 6.0,
          "governance_overhead_fraction": 0.1335056676224266
        }
      },
      {
        "seed": 3,
        "elapsed_sec": 6.483467291982379,
        "final": {
          "exo_baroque_index": 6.274732098507261,
          "real_per_capita_welfare": 0.09085681225694464,
          "gini_wealth": 0.4917038145350622,
          "a2a_share": 0.9926508778666948,
          "fold_max_depth": 6.0,
          "governance_overhead_fraction": 0.13413392897781112
        }
      }
    ],
    "summary": {
      "exo_baroque_index": {
        "mean": 6.547496858791723,
        "std": 0.21175431435583383,
        "lo": 6.348720076577824,
        "hi": 6.73190625417151,
        "n": 4
      },
      "real_per_capita_welfare": {
        "mean": 0.0909495078851201,
        "std": 0.0013077225835172773,
        "lo": 0.0901114823832507,
        "hi": 0.09213827281086293,
        "n": 4
      },
      "gini_wealth": {
        "mean": 0.49140393002767646,
        "std": 0.0024636425883994965,
        "lo": 0.48941571386861216,
        "hi": 0.49360074368752777,
        "n": 4
      },
      "a2a_share": {
        "mean": 0.9924803583949605,
        "std": 0.00012804633146421354,
        "lo": 0.9923827215836583,
        "hi": 0.9925875131876196,
        "n": 4
      },
      "fold_max_depth": {
        "mean": 6.0,
        "std": 0.0,
        "lo": 6.0,
        "hi": 6.0,
        "n": 4
      },
      "governance_overhead_fraction": {
        "mean": 0.1337708299341457,
        "std": 0.00048417186155688983,
        "lo": 0.13336468644346483,
        "hi": 0.1341769734248266,
        "n": 4
      }
    }
  },
  "400": {
    "n_steps": 400,
    "seeds": [
      {
        "seed": 0,
        "elapsed_sec": 12.671986458008178,
        "final": {
          "exo_baroque_index": 6.60332260384698,
          "real_per_capita_welfare": 0.1747543812538324,
          "gini_wealth": 0.49453187716683683,
          "a2a_share": 0.9928852236678622,
          "fold_max_depth": 6.0,
          "governance_overhead_fraction": 0.13139572276644432
        }
      },
      {
        "seed": 1,
        "elapsed_sec": 13.237936916993931,
        "final": {
          "exo_baroque_index": 6.527287282975809,
          "real_per_capita_welfare": 0.17248487274319008,
          "gini_wealth": 0.48861314546067003,
          "a2a_share": 0.9922984666492105,
          "fold_max_depth": 6.0,
          "governance_overhead_fraction": 0.1350189610557598
        }
      },
      {
        "seed": 2,
        "elapsed_sec": 12.773144584032707,
        "final": {
          "exo_baroque_index": 6.35207935317417,
          "real_per_capita_welfare": 0.16917953568912772,
          "gini_wealth": 0.4906476159112705,
          "a2a_share": 0.9925264462243951,
          "fold_max_depth": 6.0,
          "governance_overhead_fraction": 0.13599431812992158
        }
      },
      {
        "seed": 3,
        "elapsed_sec": 14.095519291993696,
        "final": {
          "exo_baroque_index": 6.498734354283412,
          "real_per_capita_welfare": 0.17104122982194728,
          "gini_wealth": 0.4916645263148137,
          "a2a_share": 0.9925746117634872,
          "fold_max_depth": 6.0,
          "governance_overhead_fraction": 0.1329147770792113
        }
      }
    ],
    "summary": {
      "exo_baroque_index": {
        "mean": 6.495355898570093,
        "std": 0.1052235797116608,
        "lo": 6.414890165842372,
        "hi": 6.577175541456088,
        "n": 4
      },
      "real_per_capita_welfare": {
        "mean": 0.17186500487702436,
        "std": 0.0023539386935425744,
        "lo": 0.1701103827555375,
        "hi": 0.17382609339586114,
        "n": 4
      },
      "gini_wealth": {
        "mean": 0.49136429121339775,
        "std": 0.002463477780833282,
        "lo": 0.4893759906742059,
        "hi": 0.4935608118529452,
        "n": 4
      },
      "a2a_share": {
        "mean": 0.9925711870762388,
        "std": 0.0002415290765818293,
        "lo": 0.9923675029277796,
        "hi": 0.9927955293069954,
        "n": 4
      },
      "fold_max_depth": {
        "mean": 6.0,
        "std": 0.0,
        "lo": 6.0,
        "hi": 6.0,
        "n": 4
      },
      "governance_overhead_fraction": {
        "mean": 0.13383094475783425,
        "std": 0.002070526216037505,
        "lo": 0.1321552499228278,
        "hi": 0.1355066395928407,
        "n": 4
      }
    }
  }
}