{
  "200": {
    "n_steps": 200,
    "seeds": [
      {
        "seed": 0,
        "elapsed_sec": 8.000952999980655,
        "final": {
          "exo_baroque_index": 4.424123829312414,
          "real_per_capita_welfare": 0.021235851840663802,
          "gini_wealth": 0.49458549400081214,
          "a2a_share": 0.9944276421903425,
          "fold_max_depth": 6.0,
          "governance_overhead_fraction": 0.680009463996118
        }
      },
      {
        "seed": 1,
        "elapsed_sec": 7.972422167018522,
        "final": {
          "exo_baroque_index": 4.3915715451508035,
          "real_per_capita_welfare": 0.02076384697977113,
          "gini_wealth": 0.4886662605522335,
          "a2a_share": 0.994586946461221,
          "fold_max_depth": 6.0,
          "governance_overhead_fraction": 0.6800436742911045
        }
      },
      {
        "seed": 2,
        "elapsed_sec": 7.982639541965909,
        "final": {
          "exo_baroque_index": 4.252745936926302,
          "real_per_capita_welfare": 0.020691717481878296,
          "gini_wealth": 0.49069983419526364,
          "a2a_share": 0.9947257966904474,
          "fold_max_depth": 6.0,
          "governance_overhead_fraction": 0.6794897961542222
        }
      },
      {
        "seed": 3,
        "elapsed_sec": 7.86719004198676,
        "final": {
          "exo_baroque_index": 3.9785515475909,
          "real_per_capita_welfare": 0.02112240807335551,
          "gini_wealth": 0.491716988663257,
          "a2a_share": 0.9946369180278802,
          "fold_max_depth": 6.0,
          "governance_overhead_fraction": 0.679452851906644
        }
      }
    ],
    "summary": {
      "exo_baroque_index": {
        "mean": 4.261748214745105,
        "std": 0.20289679693291932,
        "lo": 4.081806546980876,
        "hi": 4.407847687231609,
        "n": 4
      },
      "real_per_capita_welfare": {
        "mean": 0.020953456093917185,
        "std": 0.00026630236344927144,
        "lo": 0.020727782230824714,
        "hi": 0.021179129957009657,
        "n": 4
      },
      "gini_wealth": {
        "mean": 0.4914171443528916,
        "std": 0.002463753345940305,
        "lo": 0.48942894257998937,
        "hi": 0.493614079049425,
        "n": 4
      },
      "a2a_share": {
        "mean": 0.9945943258424728,
        "std": 0.00012508207076433007,
        "lo": 0.994479961149727,
        "hi": 0.9946813573591637,
        "n": 4
      },
      "fold_max_depth": {
        "mean": 6.0,
        "std": 0.0,
        "lo": 6.0,
        "hi": 6.0,
        "n": 4
      },
      "governance_overhead_fraction": {
        "mean": 0.6797489465870221,
        "std": 0.00032122927770481576,
        "lo": 0.6794713240304331,
        "hi": 0.6800267829579549,
        "n": 4
      }
    }
  },
  "400": {
    "n_steps": 400,
    "seeds": [
      {
        "seed": 0,
        "elapsed_sec": 15.472111792012583,
        "final": {
          "exo_baroque_index": 4.592204397368145,
          "real_per_capita_welfare": 0.029282697087087885,
          "gini_wealth": 0.4945815124253147,
          "a2a_share": 0.9950214894694595,
          "fold_max_depth": 6.0,
          "governance_overhead_fraction": 0.6801125230116364
        }
      },
      {
        "seed": 1,
        "elapsed_sec": 15.444253416964784,
        "final": {
          "exo_baroque_index": 4.55321831452842,
          "real_per_capita_welfare": 0.028717169733648393,
          "gini_wealth": 0.4886623037174667,
          "a2a_share": 0.9953679835750899,
          "fold_max_depth": 6.0,
          "governance_overhead_fraction": 0.6808051304332968
        }
      },
      {
        "seed": 2,
        "elapsed_sec": 15.382103207986802,
        "final": {
          "exo_baroque_index": 4.406587671823096,
          "real_per_capita_welfare": 0.028680064962313213,
          "gini_wealth": 0.49069587931487835,
          "a2a_share": 0.9946123141177335,
          "fold_max_depth": 6.0,
          "governance_overhead_fraction": 0.678750678595686
        }
      },
      {
        "seed": 3,
        "elapsed_sec": 15.311594999977387,
        "final": {
          "exo_baroque_index": 4.308513941910923,
          "real_per_capita_welfare": 0.029050415028896916,
          "gini_wealth": 0.4917130436610989,
          "a2a_share": 0.9953315910563112,
          "fold_max_depth": 6.0,
          "governance_overhead_fraction": 0.6808392558453186
        }
      }
    ],
    "summary": {
      "exo_baroque_index": {
        "mean": 4.465131081407646,
        "std": 0.13148288539830436,
        "lo": 4.3575508068670095,
        "hi": 4.572711355948282,
        "n": 4
      },
      "real_per_capita_welfare": {
        "mean": 0.028932586702986603,
        "std": 0.0002867243133708478,
        "lo": 0.028698617347980803,
        "hi": 0.0291665560579924,
        "n": 4
      },
      "gini_wealth": {
        "mean": 0.49141318477968965,
        "std": 0.0024637430309143275,
        "lo": 0.48942498870337475,
        "hi": 0.49361010414770556,
        "n": 4
      },
      "a2a_share": {
        "mean": 0.9950833445546485,
        "std": 0.0003504004478734122,
        "lo": 0.9947921333523779,
        "hi": 0.9953497873157006,
        "n": 4
      },
      "fold_max_depth": {
        "mean": 6.0,
        "std": 0.0,
        "lo": 6.0,
        "hi": 6.0,
        "n": 4
      },
      "governance_overhead_fraction": {
        "mean": 0.6801268969714844,
        "std": 0.000976667705766075,
        "lo": 0.6792642915550888,
        "hi": 0.6808221931393077,
        "n": 4
      }
    }
  }
}