{
  "100": {
    "n_steps": 100,
    "seeds": [
      {
        "seed": 0,
        "elapsed_sec": 2.7219344589975663,
        "final": {
          "exo_baroque_index": 4.6906177000797795,
          "real_per_capita_welfare": 0.01178978793657326,
          "gini_wealth": 0.49458708987670014,
          "a2a_share": 0.9999838434320858,
          "fold_max_depth": 6.0,
          "governance_overhead_fraction": 0.3211060838009865
        }
      },
      {
        "seed": 1,
        "elapsed_sec": 2.7039625420002267,
        "final": {
          "exo_baroque_index": 4.7474134143157425,
          "real_per_capita_welfare": 0.011250204557644182,
          "gini_wealth": 0.4886679037158402,
          "a2a_share": 0.999983626807646,
          "fold_max_depth": 6.0,
          "governance_overhead_fraction": 0.3211012477807506
        }
      }
    ],
    "summary": {
      "exo_baroque_index": {
        "mean": 4.719015557197761,
        "std": 0.04016063467858275,
        "lo": 4.6906177000797795,
        "hi": 4.7474134143157425,
        "n": 2
      },
      "real_per_capita_welfare": {
        "mean": 0.01151999624710872,
        "std": 0.0003815430662563009,
        "lo": 0.011250204557644182,
        "hi": 0.01178978793657326,
        "n": 2
      },
      "gini_wealth": {
        "mean": 0.49162749679627016,
        "std": 0.004185496673449642,
        "lo": 0.4886679037158402,
        "hi": 0.49458708987670014,
        "n": 2
      },
      "a2a_share": {
        "mean": 0.9999837351198659,
        "std": 1.5317661037488658e-07,
        "lo": 0.999983626807646,
        "hi": 0.9999838434320858,
        "n": 2
      },
      "fold_max_depth": {
        "mean": 6.0,
        "std": 0.0,
        "lo": 6.0,
        "hi": 6.0,
        "n": 2
      },
      "governance_overhead_fraction": {
        "mean": 0.3211036657908686,
        "std": 3.4195827027437055e-06,
        "lo": 0.3211012477807506,
        "hi": 0.3211060838009865,
        "n": 2
      }
    }
  },
  "200": {
    "n_steps": 200,
    "seeds": [
      {
        "seed": 0,
        "elapsed_sec": 5.475345665996429,
        "final": {
          "exo_baroque_index": 5.024009083963878,
          "real_per_capita_welfare": 0.017965028560587234,
          "gini_wealth": 0.49458568348676346,
          "a2a_share": 0.9999880035398785,
          "fold_max_depth": 6.0,
          "governance_overhead_fraction": 0.31927209552833535
        }
      },
      {
        "seed": 1,
        "elapsed_sec": 5.4948083750205114,
        "final": {
          "exo_baroque_index": 5.089521550400932,
          "real_per_capita_welfare": 0.01712463903403198,
          "gini_wealth": 0.4886665657998256,
          "a2a_share": 0.9999803877802796,
          "fold_max_depth": 6.0,
          "governance_overhead_fraction": 0.3203931902592508
        }
      }
    ],
    "summary": {
      "exo_baroque_index": {
        "mean": 5.056765317182405,
        "std": 0.04632430926989722,
        "lo": 5.024009083963878,
        "hi": 5.089521550400932,
        "n": 2
      },
      "real_per_capita_welfare": {
        "mean": 0.017544833797309606,
        "std": 0.0005942451330653727,
        "lo": 0.01712463903403198,
        "hi": 0.017965028560587234,
        "n": 2
      },
      "gini_wealth": {
        "mean": 0.4916261246432945,
        "std": 0.004185448255074999,
        "lo": 0.4886665657998256,
        "hi": 0.49458568348676346,
        "n": 2
      },
      "a2a_share": {
        "mean": 0.999984195660079,
        "std": 5.385155256229586e-06,
        "lo": 0.9999803877802796,
        "hi": 0.9999880035398785,
        "n": 2
      },
      "fold_max_depth": {
        "mean": 6.0,
        "std": 0.0,
        "lo": 6.0,
        "hi": 6.0,
        "n": 2
      },
      "governance_overhead_fraction": {
        "mean": 0.3198326428937931,
        "std": 0.0007927336865828073,
        "lo": 0.31927209552833535,
        "hi": 0.3203931902592508,
        "n": 2
      }
    }
  },
  "400": {
    "n_steps": 400,
    "seeds": [
      {
        "seed": 0,
        "elapsed_sec": 11.063164582999889,
        "final": {
          "exo_baroque_index": 5.41577840352547,
          "real_per_capita_welfare": 0.02892972185463249,
          "gini_wealth": 0.4945802339262881,
          "a2a_share": 0.9999831862459536,
          "fold_max_depth": 6.0,
          "governance_overhead_fraction": 0.32128560248239096
        }
      },
      {
        "seed": 1,
        "elapsed_sec": 10.970090999966487,
        "final": {
          "exo_baroque_index": 5.490234827867832,
          "real_per_capita_welfare": 0.027552047018826267,
          "gini_wealth": 0.48866137085002603,
          "a2a_share": 0.9999849703163747,
          "fold_max_depth": 6.0,
          "governance_overhead_fraction": 0.3209759981116941
        }
      }
    ],
    "summary": {
      "exo_baroque_index": {
        "mean": 5.453006615696651,
        "std": 0.052648642555387135,
        "lo": 5.41577840352547,
        "hi": 5.490234827867832,
        "n": 2
      },
      "real_per_capita_welfare": {
        "mean": 0.028240884436729376,
        "std": 0.0009741632186686428,
        "lo": 0.027552047018826267,
        "hi": 0.02892972185463249,
        "n": 2
      },
      "gini_wealth": {
        "mean": 0.4916208023881571,
        "std": 0.0041852682181395635,
        "lo": 0.48866137085002603,
        "hi": 0.4945802339262881,
        "n": 2
      },
      "a2a_share": {
        "mean": 0.9999840782811642,
        "std": 1.2615282928476645e-06,
        "lo": 0.9999831862459536,
        "hi": 0.9999849703163747,
        "n": 2
      },
      "fold_max_depth": {
        "mean": 6.0,
        "std": 0.0,
        "lo": 6.0,
        "hi": 6.0,
        "n": 2
      },
      "governance_overhead_fraction": {
        "mean": 0.32113080029704255,
        "std": 0.00021892335000475816,
        "lo": 0.3209759981116941,
        "hi": 0.32128560248239096,
        "n": 2
      }
    }
  }
}