{
  "100": {
    "n_steps": 100,
    "seeds": [
      {
        "seed": 0,
        "elapsed_sec": 2.050610374950338,
        "final": {
          "exo_baroque_index": 4.327288483104925,
          "real_per_capita_welfare": 0.027672504380966738,
          "gini_wealth": 0.4945848493839694,
          "a2a_share": 0.9999791742466284,
          "fold_max_depth": 6.0,
          "governance_overhead_fraction": 0.13766383282412853
        }
      },
      {
        "seed": 1,
        "elapsed_sec": 2.0899679160211235,
        "final": {
          "exo_baroque_index": 4.362497875025455,
          "real_per_capita_welfare": 0.026540615343257905,
          "gini_wealth": 0.4886657389458424,
          "a2a_share": 0.9999765921640422,
          "fold_max_depth": 6.0,
          "governance_overhead_fraction": 0.13786601985446723
        }
      }
    ],
    "summary": {
      "exo_baroque_index": {
        "mean": 4.34489317906519,
        "std": 0.024896799788461498,
        "lo": 4.327288483104925,
        "hi": 4.362497875025455,
        "n": 2
      },
      "real_per_capita_welfare": {
        "mean": 0.02710655986211232,
        "std": 0.0008003664141146316,
        "lo": 0.026540615343257905,
        "hi": 0.027672504380966738,
        "n": 2
      },
      "gini_wealth": {
        "mean": 0.4916252941649059,
        "std": 0.004185443129391667,
        "lo": 0.4886657389458424,
        "hi": 0.4945848493839694,
        "n": 2
      },
      "a2a_share": {
        "mean": 0.9999778832053353,
        "std": 1.8258081062778416e-06,
        "lo": 0.9999765921640422,
        "hi": 0.9999791742466284,
        "n": 2
      },
      "fold_max_depth": {
        "mean": 6.0,
        "std": 0.0,
        "lo": 6.0,
        "hi": 6.0,
        "n": 2
      },
      "governance_overhead_fraction": {
        "mean": 0.13776492633929788,
        "std": 0.0001429678202204624,
        "lo": 0.13766383282412853,
        "hi": 0.13786601985446723,
        "n": 2
      }
    }
  },
  "200": {
    "n_steps": 200,
    "seeds": [
      {
        "seed": 0,
        "elapsed_sec": 4.09099341602996,
        "final": {
          "exo_baroque_index": 4.368236049845351,
          "real_per_capita_welfare": 0.05398280846401138,
          "gini_wealth": 0.4945788783449826,
          "a2a_share": 0.9999852063164099,
          "fold_max_depth": 6.0,
          "governance_overhead_fraction": 0.1369219136472337
        }
      },
      {
        "seed": 1,
        "elapsed_sec": 4.045716291991994,
        "final": {
          "exo_baroque_index": 4.404287453772604,
          "real_per_capita_welfare": 0.05179054510985855,
          "gini_wealth": 0.48866000375255686,
          "a2a_share": 0.9999820273073372,
          "fold_max_depth": 6.0,
          "governance_overhead_fraction": 0.13699562030055729
        }
      }
    ],
    "summary": {
      "exo_baroque_index": {
        "mean": 4.386261751808978,
        "std": 0.025492192188255953,
        "lo": 4.368236049845351,
        "hi": 4.404287453772604,
        "n": 2
      },
      "real_per_capita_welfare": {
        "mean": 0.05288667678693497,
        "std": 0.0015501642838682283,
        "lo": 0.05179054510985855,
        "hi": 0.05398280846401138,
        "n": 2
      },
      "gini_wealth": {
        "mean": 0.49161944104876976,
        "std": 0.004185276361297002,
        "lo": 0.48866000375255686,
        "hi": 0.4945788783449826,
        "n": 2
      },
      "a2a_share": {
        "mean": 0.9999836168118735,
        "std": 2.2478988727253205e-06,
        "lo": 0.9999820273073372,
        "hi": 0.9999852063164099,
        "n": 2
      },
      "fold_max_depth": {
        "mean": 6.0,
        "std": 0.0,
        "lo": 6.0,
        "hi": 6.0,
        "n": 2
      },
      "governance_overhead_fraction": {
        "mean": 0.13695876697389547,
        "std": 5.211847438368098e-05,
        "lo": 0.1369219136472337,
        "hi": 0.13699562030055729,
        "n": 2
      }
    }
  },
  "400": {
    "n_steps": 400,
    "seeds": [
      {
        "seed": 0,
        "elapsed_sec": 8.07869541598484,
        "final": {
          "exo_baroque_index": 4.455001819461937,
          "real_per_capita_welfare": 0.10268713649328526,
          "gini_wealth": 0.4945551418261159,
          "a2a_share": 0.9999823767251929,
          "fold_max_depth": 6.0,
          "governance_overhead_fraction": 0.13764367887942355
        }
      },
      {
        "seed": 1,
        "elapsed_sec": 8.025235041975975,
        "final": {
          "exo_baroque_index": 4.4931322732365295,
          "real_per_capita_welfare": 0.09855649328914758,
          "gini_wealth": 0.48863721217282513,
          "a2a_share": 0.9999829038939232,
          "fold_max_depth": 6.0,
          "governance_overhead_fraction": 0.13877498154701062
        }
      }
    ],
    "summary": {
      "exo_baroque_index": {
        "mean": 4.474067046349234,
        "std": 0.026962302433734747,
        "lo": 4.455001819461937,
        "hi": 4.4931322732365295,
        "n": 2
      },
      "real_per_capita_welfare": {
        "mean": 0.10062181489121641,
        "std": 0.002920805820307884,
        "lo": 0.09855649328914758,
        "hi": 0.10268713649328526,
        "n": 2
      },
      "gini_wealth": {
        "mean": 0.4915961769994705,
        "std": 0.004184608188426839,
        "lo": 0.48863721217282513,
        "hi": 0.4945551418261159,
        "n": 2
      },
      "a2a_share": {
        "mean": 0.999982640309558,
        "std": 3.727645840496818e-07,
        "lo": 0.9999823767251929,
        "hi": 0.9999829038939232,
        "n": 2
      },
      "fold_max_depth": {
        "mean": 6.0,
        "std": 0.0,
        "lo": 6.0,
        "hi": 6.0,
        "n": 2
      },
      "governance_overhead_fraction": {
        "mean": 0.13820933021321707,
        "std": 0.0007999517878252476,
        "lo": 0.13764367887942355,
        "hi": 0.13877498154701062,
        "n": 2
      }
    }
  }
}