{
  "200": {
    "n_steps": 200,
    "seeds": [
      {
        "seed": 0,
        "elapsed_sec": 6.53984533296898,
        "final": {
          "exo_baroque_index": 4.173722899993857,
          "real_per_capita_welfare": 0.08336273177640983,
          "gini_wealth": 0.4945738577671453,
          "a2a_share": 0.9920346781173027,
          "fold_max_depth": 6.0,
          "governance_overhead_fraction": 0.124657720419878
        }
      },
      {
        "seed": 1,
        "elapsed_sec": 6.57609779201448,
        "final": {
          "exo_baroque_index": 4.303267200151214,
          "real_per_capita_welfare": 0.0830157468454923,
          "gini_wealth": 0.4886545824241034,
          "a2a_share": 0.992223176487406,
          "fold_max_depth": 6.0,
          "governance_overhead_fraction": 0.12371830942306371
        }
      },
      {
        "seed": 2,
        "elapsed_sec": 6.47179037501337,
        "final": {
          "exo_baroque_index": 4.166220122633103,
          "real_per_capita_welfare": 0.08227871672778841,
          "gini_wealth": 0.4906882409920994,
          "a2a_share": 0.9922373810289621,
          "fold_max_depth": 6.0,
          "governance_overhead_fraction": 0.1242731052978229
        }
      },
      {
        "seed": 3,
        "elapsed_sec": 6.463718458020594,
        "final": {
          "exo_baroque_index": 3.93206470938446,
          "real_per_capita_welfare": 0.0839410656693154,
          "gini_wealth": 0.49170522010636214,
          "a2a_share": 0.9921612940482785,
          "fold_max_depth": 6.0,
          "governance_overhead_fraction": 0.1253217340312669
        }
      }
    ],
    "summary": {
      "exo_baroque_index": {
        "mean": 4.143818733040658,
        "std": 0.1545527543756855,
        "lo": 3.992479257036809,
        "hi": 4.269052323130191,
        "n": 4
      },
      "real_per_capita_welfare": {
        "mean": 0.08314956525475149,
        "std": 0.0006947895114784005,
        "lo": 0.08254972048994377,
        "hi": 0.08370973596335962,
        "n": 4
      },
      "gini_wealth": {
        "mean": 0.49140547532242757,
        "std": 0.002463759395324077,
        "lo": 0.48941724184466806,
        "hi": 0.49360245357338384,
        "n": 4
      },
      "a2a_share": {
        "mean": 0.9921641324204873,
        "std": 9.240857364911247e-05,
        "lo": 0.9920818027098285,
        "hi": 0.992230278758184,
        "n": 4
      },
      "fold_max_depth": {
        "mean": 6.0,
        "std": 0.0,
        "lo": 6.0,
        "hi": 6.0,
        "n": 4
      },
      "governance_overhead_fraction": {
        "mean": 0.12449271729300787,
        "std": 0.0006739020110894288,
        "lo": 0.12395316217226728,
        "hi": 0.1250595768479059,
        "n": 4
      }
    }
  },
  "400": {
    "n_steps": 400,
    "seeds": [
      {
        "seed": 0,
        "elapsed_sec": 12.664422542031389,
        "final": {
          "exo_baroque_index": 4.201592899024754,
          "real_per_capita_welfare": 0.1580449538377275,
          "gini_wealth": 0.49453771669670593,
          "a2a_share": 0.9924438609998185,
          "fold_max_depth": 6.0,
          "governance_overhead_fraction": 0.12241752480655871
        }
      },
      {
        "seed": 1,
        "elapsed_sec": 12.519127999956254,
        "final": {
          "exo_baroque_index": 4.254153985250298,
          "real_per_capita_welfare": 0.15675063818911875,
          "gini_wealth": 0.48861890848904066,
          "a2a_share": 0.9928672555225814,
          "fold_max_depth": 6.0,
          "governance_overhead_fraction": 0.12568595440285923
        }
      },
      {
        "seed": 2,
        "elapsed_sec": 12.532829458010383,
        "final": {
          "exo_baroque_index": 4.102030186238992,
          "real_per_capita_welfare": 0.15653136094594922,
          "gini_wealth": 0.4906522706428548,
          "a2a_share": 0.992115825133368,
          "fold_max_depth": 6.0,
          "governance_overhead_fraction": 0.12666753902523284
        }
      },
      {
        "seed": 3,
        "elapsed_sec": 12.520926416967995,
        "final": {
          "exo_baroque_index": 4.128135649647607,
          "real_per_capita_welfare": 0.15765909527420216,
          "gini_wealth": 0.49166948531259524,
          "a2a_share": 0.9928447693529657,
          "fold_max_depth": 6.0,
          "governance_overhead_fraction": 0.12393247847442725
        }
      }
    ],
    "summary": {
      "exo_baroque_index": {
        "mean": 4.171478180040412,
        "std": 0.06938727993540343,
        "lo": 4.115082917943299,
        "hi": 4.228201948926434,
        "n": 4
      },
      "real_per_capita_welfare": {
        "mean": 0.15724651206174942,
        "std": 0.0007222802301998974,
        "lo": 0.15664099956753397,
        "hi": 0.1578520245559648,
        "n": 4
      },
      "gini_wealth": {
        "mean": 0.4913695952852992,
        "std": 0.002463585449411381,
        "lo": 0.48938155269492933,
        "hi": 0.49356635518324316,
        "n": 4
      },
      "a2a_share": {
        "mean": 0.9925679277521834,
        "std": 0.00035871424236998334,
        "lo": 0.9922798430665933,
        "hi": 0.9928560124377735,
        "n": 4
      },
      "fold_max_depth": {
        "mean": 6.0,
        "std": 0.0,
        "lo": 6.0,
        "hi": 6.0,
        "n": 4
      },
      "governance_overhead_fraction": {
        "mean": 0.1246758741772695,
        "std": 0.0018832392289115756,
        "lo": 0.12317500164049297,
        "hi": 0.12617674671404605,
        "n": 4
      }
    }
  }
}