{
  "200": {
    "n_steps": 200,
    "seeds": [
      {
        "seed": 0,
        "elapsed_sec": 9.984369457990397,
        "final": {
          "exo_baroque_index": 4.289586680674136,
          "real_per_capita_welfare": 0.06518299921000346,
          "gini_wealth": 0.49293877963579674,
          "a2a_share": 0.9927195049876045,
          "fold_max_depth": 6.0,
          "governance_overhead_fraction": 0.12409555016031437
        }
      },
      {
        "seed": 1,
        "elapsed_sec": 10.196810125024058,
        "final": {
          "exo_baroque_index": 4.159095506955808,
          "real_per_capita_welfare": 0.0656124334196163,
          "gini_wealth": 0.5034711772019657,
          "a2a_share": 0.9921263625862229,
          "fold_max_depth": 6.0,
          "governance_overhead_fraction": 0.12366772454137433
        }
      },
      {
        "seed": 2,
        "elapsed_sec": 17.553175333014224,
        "final": {
          "exo_baroque_index": 4.305986193105553,
          "real_per_capita_welfare": 0.0642239615840157,
          "gini_wealth": 0.5026314289565194,
          "a2a_share": 0.9922436075949803,
          "fold_max_depth": 6.0,
          "governance_overhead_fraction": 0.12370873132590178
        }
      },
      {
        "seed": 3,
        "elapsed_sec": 23.187254625023343,
        "final": {
          "exo_baroque_index": 4.236026620327939,
          "real_per_capita_welfare": 0.06512411117428073,
          "gini_wealth": 0.5022977799050947,
          "a2a_share": 0.9922527235123543,
          "fold_max_depth": 6.0,
          "governance_overhead_fraction": 0.12291343729793591
        }
      }
    ],
    "summary": {
      "exo_baroque_index": {
        "mean": 4.247673750265859,
        "std": 0.06617853516316556,
        "lo": 4.191718300385389,
        "hi": 4.297786436889844,
        "n": 4
      },
      "real_per_capita_welfare": {
        "mean": 0.06503587634697905,
        "std": 0.00058339642379755,
        "lo": 0.06446372099051265,
        "hi": 0.06549072090850568,
        "n": 4
      },
      "gini_wealth": {
        "mean": 0.5003347914248442,
        "std": 0.004955326220413544,
        "lo": 0.4953619419659774,
        "hi": 0.503177827877748,
        "n": 4
      },
      "a2a_share": {
        "mean": 0.9923355496702905,
        "std": 0.00026235754196976264,
        "lo": 0.9921579528177557,
        "hi": 0.9926005306394485,
        "n": 4
      },
      "fold_max_depth": {
        "mean": 6.0,
        "std": 0.0,
        "lo": 6.0,
        "hi": 6.0,
        "n": 4
      },
      "governance_overhead_fraction": {
        "mean": 0.12359636083138159,
        "std": 0.0004944001233134049,
        "lo": 0.12311226080492738,
        "hi": 0.12398859375557936,
        "n": 4
      }
    }
  },
  "400": {
    "n_steps": 400,
    "seeds": [
      {
        "seed": 0,
        "elapsed_sec": 43.12226408300921,
        "final": {
          "exo_baroque_index": 4.348413077042606,
          "real_per_capita_welfare": 0.1226778954487719,
          "gini_wealth": 0.49304468553702946,
          "a2a_share": 0.9921703396422415,
          "fold_max_depth": 6.0,
          "governance_overhead_fraction": 0.12352622989558634
        }
      },
      {
        "seed": 1,
        "elapsed_sec": 42.331517292011995,
        "final": {
          "exo_baroque_index": 4.164201815230356,
          "real_per_capita_welfare": 0.1242096608240122,
          "gini_wealth": 0.5035704779792634,
          "a2a_share": 0.9926181561573182,
          "fold_max_depth": 6.0,
          "governance_overhead_fraction": 0.12305738158714588
        }
      },
      {
        "seed": 2,
        "elapsed_sec": 31.873680959048215,
        "final": {
          "exo_baroque_index": 4.3328956455647445,
          "real_per_capita_welfare": 0.12044187294685248,
          "gini_wealth": 0.5027284970743692,
          "a2a_share": 0.9922007876355838,
          "fold_max_depth": 6.0,
          "governance_overhead_fraction": 0.12338464768642647
        }
      },
      {
        "seed": 3,
        "elapsed_sec": 32.011809584044386,
        "final": {
          "exo_baroque_index": 4.244997741702506,
          "real_per_capita_welfare": 0.12321032679602632,
          "gini_wealth": 0.5023931526302159,
          "a2a_share": 0.9925326850498307,
          "fold_max_depth": 6.0,
          "governance_overhead_fraction": 0.12294633101944989
        }
      }
    ],
    "summary": {
      "exo_baroque_index": {
        "mean": 4.272627069885053,
        "std": 0.08543074333068093,
        "lo": 4.204599778466431,
        "hi": 4.340654361303676,
        "n": 4
      },
      "real_per_capita_welfare": {
        "mean": 0.12263493900391573,
        "std": 0.001593968204282999,
        "lo": 0.12113398640914594,
        "hi": 0.12382671948020213,
        "n": 4
      },
      "gini_wealth": {
        "mean": 0.5004342033052194,
        "std": 0.004951176898290884,
        "lo": 0.4954656384213644,
        "hi": 0.5032761466420015,
        "n": 4
      },
      "a2a_share": {
        "mean": 0.9923804921212436,
        "std": 0.0002281115576146422,
        "lo": 0.9921855636389127,
        "hi": 0.9925754206035745,
        "n": 4
      },
      "fold_max_depth": {
        "mean": 6.0,
        "std": 0.0,
        "lo": 6.0,
        "hi": 6.0,
        "n": 4
      },
      "governance_overhead_fraction": {
        "mean": 0.12322864754715215,
        "std": 0.0002719840365560361,
        "lo": 0.12300185630329788,
        "hi": 0.12345543879100641,
        "n": 4
      }
    }
  }
}