{
  "200": {
    "n_steps": 200,
    "seeds": [
      {
        "seed": 0,
        "elapsed_sec": 16.561093624972273,
        "final": {
          "exo_baroque_index": 5.175746134150904,
          "real_per_capita_welfare": 0.06518299921000346,
          "gini_wealth": 0.49289905109667526,
          "a2a_share": 0.9927195049876045,
          "fold_max_depth": 6.0,
          "governance_overhead_fraction": 0.12409555016031437
        }
      },
      {
        "seed": 1,
        "elapsed_sec": 17.754362584033515,
        "final": {
          "exo_baroque_index": 5.0059103657151995,
          "real_per_capita_welfare": 0.0656124334196163,
          "gini_wealth": 0.5034338427176118,
          "a2a_share": 0.9921263625862229,
          "fold_max_depth": 6.0,
          "governance_overhead_fraction": 0.12366772454137433
        }
      },
      {
        "seed": 2,
        "elapsed_sec": 18.083486667019315,
        "final": {
          "exo_baroque_index": 5.196145417652583,
          "real_per_capita_welfare": 0.0642239615840157,
          "gini_wealth": 0.5025921158635325,
          "a2a_share": 0.9922436075949803,
          "fold_max_depth": 6.0,
          "governance_overhead_fraction": 0.12370873132590178
        }
      },
      {
        "seed": 3,
        "elapsed_sec": 16.270285499980673,
        "final": {
          "exo_baroque_index": 5.106079203315901,
          "real_per_capita_welfare": 0.06512411117428073,
          "gini_wealth": 0.5022614831260611,
          "a2a_share": 0.9922527235123543,
          "fold_max_depth": 6.0,
          "governance_overhead_fraction": 0.12291343729793591
        }
      }
    ],
    "summary": {
      "exo_baroque_index": {
        "mean": 5.120970280208647,
        "std": 0.08585302083422044,
        "lo": 5.048369307824125,
        "hi": 5.185945775901743,
        "n": 4
      },
      "real_per_capita_welfare": {
        "mean": 0.06503587634697905,
        "std": 0.00058339642379755,
        "lo": 0.06446372099051265,
        "hi": 0.06549072090850568,
        "n": 4
      },
      "gini_wealth": {
        "mean": 0.5002966232009701,
        "std": 0.0049563488047468076,
        "lo": 0.4953223172883896,
        "hi": 0.5031407528197241,
        "n": 4
      },
      "a2a_share": {
        "mean": 0.9923355496702905,
        "std": 0.00026235754196976264,
        "lo": 0.9921579528177557,
        "hi": 0.9926005306394485,
        "n": 4
      },
      "fold_max_depth": {
        "mean": 6.0,
        "std": 0.0,
        "lo": 6.0,
        "hi": 6.0,
        "n": 4
      },
      "governance_overhead_fraction": {
        "mean": 0.12359636083138159,
        "std": 0.0004944001233134049,
        "lo": 0.12311226080492738,
        "hi": 0.12398859375557936,
        "n": 4
      }
    }
  },
  "400": {
    "n_steps": 400,
    "seeds": [
      {
        "seed": 0,
        "elapsed_sec": 33.062801416032016,
        "final": {
          "exo_baroque_index": 5.244460694218096,
          "real_per_capita_welfare": 0.12267789544877203,
          "gini_wealth": 0.4928739245500918,
          "a2a_share": 0.9921703396422415,
          "fold_max_depth": 6.0,
          "governance_overhead_fraction": 0.12352622989558634
        }
      },
      {
        "seed": 1,
        "elapsed_sec": 32.69604075001553,
        "final": {
          "exo_baroque_index": 5.004930459499237,
          "real_per_capita_welfare": 0.12420966082401233,
          "gini_wealth": 0.5034082449853449,
          "a2a_share": 0.9926181561573182,
          "fold_max_depth": 6.0,
          "governance_overhead_fraction": 0.12305738158714588
        }
      },
      {
        "seed": 2,
        "elapsed_sec": 34.396054917015135,
        "final": {
          "exo_baroque_index": 5.222921259627764,
          "real_per_capita_welfare": 0.12044187294685488,
          "gini_wealth": 0.5025677261824508,
          "a2a_share": 0.9922007876355838,
          "fold_max_depth": 6.0,
          "governance_overhead_fraction": 0.12338464768642647
        }
      },
      {
        "seed": 3,
        "elapsed_sec": 31.688796082977206,
        "final": {
          "exo_baroque_index": 5.110096476336939,
          "real_per_capita_welfare": 0.12321032679602695,
          "gini_wealth": 0.5022361506666301,
          "a2a_share": 0.9925326850498307,
          "fold_max_depth": 6.0,
          "governance_overhead_fraction": 0.12294633101944989
        }
      }
    ],
    "summary": {
      "exo_baroque_index": {
        "mean": 5.145602222420509,
        "std": 0.11075563770321983,
        "lo": 5.0575134679180875,
        "hi": 5.233690976922929,
        "n": 4
      },
      "real_per_capita_welfare": {
        "mean": 0.12263493900391655,
        "std": 0.0015939682042820152,
        "lo": 0.1211339864091479,
        "hi": 0.12382671948020227,
        "n": 4
      },
      "gini_wealth": {
        "mean": 0.5002715115961294,
        "std": 0.004956335963945379,
        "lo": 0.4952973749581816,
        "hi": 0.5031152214056662,
        "n": 4
      },
      "a2a_share": {
        "mean": 0.9923804921212436,
        "std": 0.0002281115576146422,
        "lo": 0.9921855636389127,
        "hi": 0.9925754206035745,
        "n": 4
      },
      "fold_max_depth": {
        "mean": 6.0,
        "std": 0.0,
        "lo": 6.0,
        "hi": 6.0,
        "n": 4
      },
      "governance_overhead_fraction": {
        "mean": 0.12322864754715215,
        "std": 0.0002719840365560361,
        "lo": 0.12300185630329788,
        "hi": 0.12345543879100641,
        "n": 4
      }
    }
  }
}