{
  "200": {
    "n_steps": 200,
    "seeds": [
      {
        "seed": 0,
        "elapsed_sec": 8.663122625031974,
        "final": {
          "exo_baroque_index": 16.47185928943932,
          "real_per_capita_welfare": 0.18117692182766215,
          "gini_wealth": 0.4976209946680831,
          "a2a_share": 0.9999828950827901,
          "fold_max_depth": 6.0,
          "governance_overhead_fraction": 0.13700469476055316
        }
      },
      {
        "seed": 1,
        "elapsed_sec": 8.284919792029541,
        "final": {
          "exo_baroque_index": 16.30644855108309,
          "real_per_capita_welfare": 0.1895335737823187,
          "gini_wealth": 0.4904157171685422,
          "a2a_share": 0.9999793302395811,
          "fold_max_depth": 6.0,
          "governance_overhead_fraction": 0.13515086805080612
        }
      },
      {
        "seed": 2,
        "elapsed_sec": 8.320174959022552,
        "final": {
          "exo_baroque_index": 16.090437253013537,
          "real_per_capita_welfare": 0.2032116482650128,
          "gini_wealth": 0.49346568740566366,
          "a2a_share": 0.9999775603083582,
          "fold_max_depth": 6.0,
          "governance_overhead_fraction": 0.13549287617917954
        }
      },
      {
        "seed": 3,
        "elapsed_sec": 7.605032290972304,
        "final": {
          "exo_baroque_index": 16.36662654982532,
          "real_per_capita_welfare": 0.18695147726565206,
          "gini_wealth": 0.4922243428516584,
          "a2a_share": 0.9999770136472954,
          "fold_max_depth": 6.0,
          "governance_overhead_fraction": 0.1370724066847859
        }
      }
    ],
    "summary": {
      "exo_baroque_index": {
        "mean": 16.30884291084032,
        "std": 0.1608519536253527,
        "lo": 16.18579276211998,
        "hi": 16.43050660485026,
        "n": 4
      },
      "real_per_capita_welfare": {
        "mean": 0.19021840528516143,
        "std": 0.009340139169513333,
        "lo": 0.18326608481632628,
        "hi": 0.19770296665567516,
        "n": 4
      },
      "gini_wealth": {
        "mean": 0.4934316855234868,
        "std": 0.003060784686004278,
        "lo": 0.49117820972782256,
        "hi": 0.496271831713977,
        "n": 4
      },
      "a2a_share": {
        "mean": 0.9999791998195062,
        "std": 2.654513506802635e-06,
        "lo": 0.9999772869778267,
        "hi": 0.9999815613891821,
        "n": 4
      },
      "fold_max_depth": {
        "mean": 6.0,
        "std": 0.0,
        "lo": 6.0,
        "hi": 6.0,
        "n": 4
      },
      "governance_overhead_fraction": {
        "mean": 0.1361802114188312,
        "std": 0.0010012929432044702,
        "lo": 0.13532187211499283,
        "hi": 0.13703855072266952,
        "n": 4
      }
    }
  },
  "400": {
    "n_steps": 400,
    "seeds": [
      {
        "seed": 0,
        "elapsed_sec": 15.470403334009461,
        "final": {
          "exo_baroque_index": 16.64087735058244,
          "real_per_capita_welfare": 0.34712207901136405,
          "gini_wealth": 0.497558004985808,
          "a2a_share": 0.9999815746090142,
          "fold_max_depth": 6.0,
          "governance_overhead_fraction": 0.1372975957280966
        }
      },
      {
        "seed": 1,
        "elapsed_sec": 14.633086083980743,
        "final": {
          "exo_baroque_index": 16.46247163783352,
          "real_per_capita_welfare": 0.36301829839716065,
          "gini_wealth": 0.49034960165606944,
          "a2a_share": 0.9999803081817973,
          "fold_max_depth": 6.0,
          "governance_overhead_fraction": 0.13620374250734174
        }
      },
      {
        "seed": 2,
        "elapsed_sec": 16.083049458975438,
        "final": {
          "exo_baroque_index": 16.232889472574975,
          "real_per_capita_welfare": 0.389110051938001,
          "gini_wealth": 0.4933945427413835,
          "a2a_share": 0.9999792012681469,
          "fold_max_depth": 6.0,
          "governance_overhead_fraction": 0.13409236053430076
        }
      },
      {
        "seed": 3,
        "elapsed_sec": 18.792862250003964,
        "final": {
          "exo_baroque_index": 16.53065372014146,
          "real_per_capita_welfare": 0.3581661773824184,
          "gini_wealth": 0.49215901214938473,
          "a2a_share": 0.9999798559571191,
          "fold_max_depth": 6.0,
          "governance_overhead_fraction": 0.13579755464881677
        }
      }
    ],
    "summary": {
      "exo_baroque_index": {
        "mean": 16.466723045283096,
        "std": 0.17234951642219076,
        "lo": 16.33488644207684,
        "hi": 16.59627592239521,
        "n": 4
      },
      "real_per_capita_welfare": {
        "mean": 0.36435415168223606,
        "std": 0.017793954553368664,
        "lo": 0.3510961338578132,
        "hi": 0.3786130587063418,
        "n": 4
      },
      "gini_wealth": {
        "mean": 0.49336529038316146,
        "std": 0.003062090631997489,
        "lo": 0.49111083692739793,
        "hi": 0.49620825677670216,
        "n": 4
      },
      "a2a_share": {
        "mean": 0.9999802350040193,
        "std": 1.0020284320471796e-06,
        "lo": 0.999979528612633,
        "hi": 0.9999811449460404,
        "n": 4
      },
      "fold_max_depth": {
        "mean": 6.0,
        "std": 0.0,
        "lo": 6.0,
        "hi": 6.0,
        "n": 4
      },
      "governance_overhead_fraction": {
        "mean": 0.13584781335463897,
        "std": 0.0013307510453470063,
        "lo": 0.1348936693327497,
        "hi": 0.13692258545827665,
        "n": 4
      }
    }
  }
}