{
  "100": {
    "n_steps": 100,
    "seeds": [
      {
        "seed": 0,
        "elapsed_sec": 2.0239319169777445,
        "final": {
          "exo_baroque_index": 16.39839329196485,
          "real_per_capita_welfare": 0.09252396636957297,
          "gini_wealth": 0.49763651144541826,
          "a2a_share": 0.9999782276982022,
          "fold_max_depth": 6.0,
          "governance_overhead_fraction": 0.13769372033072166
        }
      },
      {
        "seed": 1,
        "elapsed_sec": 1.993926833034493,
        "final": {
          "exo_baroque_index": 16.23867461214914,
          "real_per_capita_welfare": 0.09680994476922246,
          "gini_wealth": 0.4904320060095171,
          "a2a_share": 0.999975818640815,
          "fold_max_depth": 6.0,
          "governance_overhead_fraction": 0.1363959615275902
        }
      }
    ],
    "summary": {
      "exo_baroque_index": {
        "mean": 16.318533952056995,
        "std": 0.11293816157985227,
        "lo": 16.23867461214914,
        "hi": 16.39839329196485,
        "n": 2
      },
      "real_per_capita_welfare": {
        "mean": 0.09466695556939772,
        "std": 0.003030644390411221,
        "lo": 0.09252396636957297,
        "hi": 0.09680994476922246,
        "n": 2
      },
      "gini_wealth": {
        "mean": 0.49403425872746765,
        "std": 0.005094354648821065,
        "lo": 0.4904320060095171,
        "hi": 0.49763651144541826,
        "n": 2
      },
      "a2a_share": {
        "mean": 0.9999770231695086,
        "std": 1.7034608147868026e-06,
        "lo": 0.999975818640815,
        "hi": 0.9999782276982022,
        "n": 2
      },
      "fold_max_depth": {
        "mean": 6.0,
        "std": 0.0,
        "lo": 6.0,
        "hi": 6.0,
        "n": 2
      },
      "governance_overhead_fraction": {
        "mean": 0.13704484092915592,
        "std": 0.0009176540500387933,
        "lo": 0.1363959615275902,
        "hi": 0.13769372033072166,
        "n": 2
      }
    }
  },
  "200": {
    "n_steps": 200,
    "seeds": [
      {
        "seed": 0,
        "elapsed_sec": 3.9747302499599755,
        "final": {
          "exo_baroque_index": 16.47185928943932,
          "real_per_capita_welfare": 0.18117692182766215,
          "gini_wealth": 0.4976209946680831,
          "a2a_share": 0.9999828950827901,
          "fold_max_depth": 6.0,
          "governance_overhead_fraction": 0.13700469476055316
        }
      },
      {
        "seed": 1,
        "elapsed_sec": 4.012791124987416,
        "final": {
          "exo_baroque_index": 16.30644855108309,
          "real_per_capita_welfare": 0.1895335737823187,
          "gini_wealth": 0.4904157171685422,
          "a2a_share": 0.9999793302395811,
          "fold_max_depth": 6.0,
          "governance_overhead_fraction": 0.13515086805080612
        }
      }
    ],
    "summary": {
      "exo_baroque_index": {
        "mean": 16.389153920261204,
        "std": 0.11696305477276335,
        "lo": 16.30644855108309,
        "hi": 16.47185928943932,
        "n": 2
      },
      "real_per_capita_welfare": {
        "mean": 0.1853552478049904,
        "std": 0.005909045265153457,
        "lo": 0.18117692182766215,
        "hi": 0.1895335737823187,
        "n": 2
      },
      "gini_wealth": {
        "mean": 0.49401835591831267,
        "std": 0.005094900580256235,
        "lo": 0.4904157171685422,
        "hi": 0.4976209946680831,
        "n": 2
      },
      "a2a_share": {
        "mean": 0.9999811126611856,
        "std": 2.520724806999913e-06,
        "lo": 0.9999793302395811,
        "hi": 0.9999828950827901,
        "n": 2
      },
      "fold_max_depth": {
        "mean": 6.0,
        "std": 0.0,
        "lo": 6.0,
        "hi": 6.0,
        "n": 2
      },
      "governance_overhead_fraction": {
        "mean": 0.13607778140567964,
        "std": 0.0013108534376068787,
        "lo": 0.13515086805080612,
        "hi": 0.13700469476055316,
        "n": 2
      }
    }
  },
  "400": {
    "n_steps": 400,
    "seeds": [
      {
        "seed": 0,
        "elapsed_sec": 8.056137542007491,
        "final": {
          "exo_baroque_index": 16.64087735058244,
          "real_per_capita_welfare": 0.34712207901136405,
          "gini_wealth": 0.497558004985808,
          "a2a_share": 0.9999815746090142,
          "fold_max_depth": 6.0,
          "governance_overhead_fraction": 0.1372975957280966
        }
      },
      {
        "seed": 1,
        "elapsed_sec": 8.436438000004273,
        "final": {
          "exo_baroque_index": 16.46247163783352,
          "real_per_capita_welfare": 0.36301829839716065,
          "gini_wealth": 0.49034960165606944,
          "a2a_share": 0.9999803081817973,
          "fold_max_depth": 6.0,
          "governance_overhead_fraction": 0.13620374250734174
        }
      }
    ],
    "summary": {
      "exo_baroque_index": {
        "mean": 16.55167449420798,
        "std": 0.12615188928718002,
        "lo": 16.46247163783352,
        "hi": 16.64087735058244,
        "n": 2
      },
      "real_per_capita_welfare": {
        "mean": 0.3550701887042623,
        "std": 0.011240324522925836,
        "lo": 0.34712207901136405,
        "hi": 0.36301829839716065,
        "n": 2
      },
      "gini_wealth": {
        "mean": 0.49395380332093874,
        "std": 0.005097110875985814,
        "lo": 0.49034960165606944,
        "hi": 0.497558004985808,
        "n": 2
      },
      "a2a_share": {
        "mean": 0.9999809413954057,
        "std": 8.954992729299325e-07,
        "lo": 0.9999803081817973,
        "hi": 0.9999815746090142,
        "n": 2
      },
      "fold_max_depth": {
        "mean": 6.0,
        "std": 0.0,
        "lo": 6.0,
        "hi": 6.0,
        "n": 2
      },
      "governance_overhead_fraction": {
        "mean": 0.13675066911771916,
        "std": 0.0007734710300185103,
        "lo": 0.13620374250734174,
        "hi": 0.1372975957280966,
        "n": 2
      }
    }
  }
}