{
  "200": {
    "n_steps": 200,
    "seeds": [
      {
        "seed": 0,
        "elapsed_sec": 6.219733708014246,
        "final": {
          "exo_baroque_index": 1.7601953071621326,
          "real_per_capita_welfare": 0.13361203517915998,
          "gini_wealth": 0.49453176396123233,
          "a2a_share": 0.990812373439065,
          "fold_max_depth": 6.0,
          "governance_overhead_fraction": 0.12484417733832254
        }
      },
      {
        "seed": 1,
        "elapsed_sec": 6.11828333401354,
        "final": {
          "exo_baroque_index": 1.8231524919290267,
          "real_per_capita_welfare": 0.1324359078618787,
          "gini_wealth": 0.488613032914728,
          "a2a_share": 0.9906833409243326,
          "fold_max_depth": 6.0,
          "governance_overhead_fraction": 0.1247194220406379
        }
      },
      {
        "seed": 2,
        "elapsed_sec": 6.336663874972146,
        "final": {
          "exo_baroque_index": 1.7604111645903397,
          "real_per_capita_welfare": 0.13213642063956582,
          "gini_wealth": 0.4906466628681203,
          "a2a_share": 0.9906778487978314,
          "fold_max_depth": 6.0,
          "governance_overhead_fraction": 0.12507673403433608
        }
      },
      {
        "seed": 3,
        "elapsed_sec": 6.176636499993037,
        "final": {
          "exo_baroque_index": 1.7472807380567534,
          "real_per_capita_welfare": 0.1324307270449533,
          "gini_wealth": 0.49166377582178017,
          "a2a_share": 0.9908914145362059,
          "fold_max_depth": 6.0,
          "governance_overhead_fraction": 0.12625318678519554
        }
      }
    ],
    "summary": {
      "exo_baroque_index": {
        "mean": 1.7727599254345632,
        "std": 0.03415143371344846,
        "lo": 1.75056334469015,
        "hi": 1.8074131957373032,
        "n": 4
      },
      "real_per_capita_welfare": {
        "mean": 0.13265377268138945,
        "std": 0.000653996581368782,
        "lo": 0.13228357384225956,
        "hi": 0.1333167081456083,
        "n": 4
      },
      "gini_wealth": {
        "mean": 0.4913638088914652,
        "std": 0.002463533125163913,
        "lo": 0.48937571864149104,
        "hi": 0.4935604886879543,
        "n": 4
      },
      "a2a_share": {
        "mean": 0.9907662444243587,
        "std": 0.00010405482529791997,
        "lo": 0.990680594861082,
        "hi": 0.9908518939876354,
        "n": 4
      },
      "fold_max_depth": {
        "mean": 6.0,
        "std": 0.0,
        "lo": 6.0,
        "hi": 6.0,
        "n": 4
      },
      "governance_overhead_fraction": {
        "mean": 0.12522338004962302,
        "std": 0.0007023236047834211,
        "lo": 0.1247810199688697,
        "hi": 0.12590093442347727,
        "n": 4
      }
    }
  },
  "400": {
    "n_steps": 400,
    "seeds": [
      {
        "seed": 0,
        "elapsed_sec": 11.9145289590233,
        "final": {
          "exo_baroque_index": 1.7732455799459574,
          "real_per_capita_welfare": 0.2687900013262689,
          "gini_wealth": 0.4944730926328208,
          "a2a_share": 0.990804660112507,
          "fold_max_depth": 6.0,
          "governance_overhead_fraction": 0.12229072713006126
        }
      },
      {
        "seed": 1,
        "elapsed_sec": 11.913160333002452,
        "final": {
          "exo_baroque_index": 1.780625432980256,
          "real_per_capita_welfare": 0.2659200972949298,
          "gini_wealth": 0.48855531551036435,
          "a2a_share": 0.9907784081246648,
          "fold_max_depth": 6.0,
          "governance_overhead_fraction": 0.125026836823482
        }
      },
      {
        "seed": 2,
        "elapsed_sec": 11.914636000001337,
        "final": {
          "exo_baroque_index": 1.748474530157753,
          "real_per_capita_welfare": 0.26465661174808824,
          "gini_wealth": 0.4905890190904635,
          "a2a_share": 0.9907860247037031,
          "fold_max_depth": 6.0,
          "governance_overhead_fraction": 0.1265628859811379
        }
      },
      {
        "seed": 3,
        "elapsed_sec": 11.86848387500504,
        "final": {
          "exo_baroque_index": 1.7540772380158123,
          "real_per_capita_welfare": 0.2645130509004467,
          "gini_wealth": 0.491606460279938,
          "a2a_share": 0.9907115054601362,
          "fold_max_depth": 6.0,
          "governance_overhead_fraction": 0.12450213306175384
        }
      }
    ],
    "summary": {
      "exo_baroque_index": {
        "mean": 1.7641056952749445,
        "std": 0.015289893214918769,
        "lo": 1.7512758840867826,
        "hi": 1.776981630544571,
        "n": 4
      },
      "real_per_capita_welfare": {
        "mean": 0.26596994031743343,
        "std": 0.001983480705295002,
        "lo": 0.26458483132426747,
        "hi": 0.2677566539317237,
        "n": 4
      },
      "gini_wealth": {
        "mean": 0.49130597187839664,
        "std": 0.0024631334317414223,
        "lo": 0.48931810170275775,
        "hi": 0.49350207424723147,
        "n": 4
      },
      "a2a_share": {
        "mean": 0.9907701496002528,
        "std": 4.062155733550638e-05,
        "lo": 0.9907301352710279,
        "hi": 0.9907980971155465,
        "n": 4
      },
      "fold_max_depth": {
        "mean": 6.0,
        "std": 0.0,
        "lo": 6.0,
        "hi": 6.0,
        "n": 4
      },
      "governance_overhead_fraction": {
        "mean": 0.12459564574910875,
        "std": 0.0017679889079838182,
        "lo": 0.12297475455341644,
        "hi": 0.12579486140230997,
        "n": 4
      }
    }
  }
}