{
  "200": {
    "n_steps": 200,
    "seeds": [
      {
        "seed": 0,
        "elapsed_sec": 7.958215416991152,
        "final": {
          "exo_baroque_index": 8.351993603752513,
          "real_per_capita_welfare": 0.03896365656784793,
          "gini_wealth": 0.7144512755948308,
          "a2a_share": 0.9939834442129153,
          "fold_max_depth": 6.0,
          "governance_overhead_fraction": 0.12840428875359644
        }
      },
      {
        "seed": 1,
        "elapsed_sec": 7.967531625006814,
        "final": {
          "exo_baroque_index": 8.357968949270719,
          "real_per_capita_welfare": 0.0400786912647523,
          "gini_wealth": 0.6942405914628219,
          "a2a_share": 0.9941881929985958,
          "fold_max_depth": 6.0,
          "governance_overhead_fraction": 0.1272166390620434
        }
      },
      {
        "seed": 2,
        "elapsed_sec": 7.931249582965393,
        "final": {
          "exo_baroque_index": 8.253716831689697,
          "real_per_capita_welfare": 0.03906786161834542,
          "gini_wealth": 0.70336273127954,
          "a2a_share": 0.9943779703080098,
          "fold_max_depth": 6.0,
          "governance_overhead_fraction": 0.12762782819239024
        }
      },
      {
        "seed": 3,
        "elapsed_sec": 7.988977124972735,
        "final": {
          "exo_baroque_index": 7.527407483378176,
          "real_per_capita_welfare": 0.03961339974242876,
          "gini_wealth": 0.7069410704995688,
          "a2a_share": 0.9942179602505036,
          "fold_max_depth": 6.0,
          "governance_overhead_fraction": 0.12879632458370047
        }
      }
    ],
    "summary": {
      "exo_baroque_index": {
        "mean": 8.122771717022776,
        "std": 0.3997772734791996,
        "lo": 7.73355401347176,
        "hi": 8.355018622421104,
        "n": 4
      },
      "real_per_capita_welfare": {
        "mean": 0.0394309022983436,
        "std": 0.0005173821830776056,
        "lo": 0.03901575909309667,
        "hi": 0.03984604550359053,
        "n": 4
      },
      "gini_wealth": {
        "mean": 0.7047489172091904,
        "std": 0.008392212972259361,
        "lo": 0.6974157112220086,
        "hi": 0.7116791395160081,
        "n": 4
      },
      "a2a_share": {
        "mean": 0.994191891942506,
        "std": 0.00016203791011981162,
        "lo": 0.9940420732223124,
        "hi": 0.9942979652792567,
        "n": 4
      },
      "fold_max_depth": {
        "mean": 6.0,
        "std": 0.0,
        "lo": 6.0,
        "hi": 6.0,
        "n": 4
      },
      "governance_overhead_fraction": {
        "mean": 0.12801127014793265,
        "std": 0.0007186191359007832,
        "lo": 0.12742223362721683,
        "hi": 0.12860030666864847,
        "n": 4
      }
    }
  },
  "400": {
    "n_steps": 400,
    "seeds": [
      {
        "seed": 0,
        "elapsed_sec": 15.409663958998863,
        "final": {
          "exo_baroque_index": 8.626842812510224,
          "real_per_capita_welfare": 0.06690855580155547,
          "gini_wealth": 0.714445043473099,
          "a2a_share": 0.9948440988920892,
          "fold_max_depth": 6.0,
          "governance_overhead_fraction": 0.12584558743895072
        }
      },
      {
        "seed": 1,
        "elapsed_sec": 15.550044959003571,
        "final": {
          "exo_baroque_index": 8.52831117853794,
          "real_per_capita_welfare": 0.06849288240496267,
          "gini_wealth": 0.6942339641915852,
          "a2a_share": 0.9950082017249994,
          "fold_max_depth": 6.0,
          "governance_overhead_fraction": 0.12902552051826194
        }
      },
      {
        "seed": 2,
        "elapsed_sec": 15.403726916003507,
        "final": {
          "exo_baroque_index": 8.316766064951882,
          "real_per_capita_welfare": 0.06731338293281648,
          "gini_wealth": 0.7033562751450492,
          "a2a_share": 0.9942433416305544,
          "fold_max_depth": 6.0,
          "governance_overhead_fraction": 0.12997167773583598
        }
      },
      {
        "seed": 3,
        "elapsed_sec": 15.569530582986772,
        "final": {
          "exo_baroque_index": 8.232811978140942,
          "real_per_capita_welfare": 0.06747749610825057,
          "gini_wealth": 0.7069347282491528,
          "a2a_share": 0.9951040502037727,
          "fold_max_depth": 6.0,
          "governance_overhead_fraction": 0.12718550389551808
        }
      }
    ],
    "summary": {
      "exo_baroque_index": {
        "mean": 8.426183008535247,
        "std": 0.18262798523980914,
        "lo": 8.274789021546411,
        "hi": 8.577576995524083,
        "n": 4
      },
      "real_per_capita_welfare": {
        "mean": 0.0675480793118963,
        "std": 0.0006737228866372538,
        "lo": 0.06705079087822924,
        "hi": 0.06819800753692612,
        "n": 4
      },
      "gini_wealth": {
        "mean": 0.7047425027647216,
        "std": 0.008392380646136672,
        "lo": 0.6974091552059771,
        "hi": 0.7116728513910865,
        "n": 4
      },
      "a2a_share": {
        "mean": 0.9947999231128539,
        "std": 0.0003862674866021117,
        "lo": 0.9944345566541657,
        "hi": 0.995056125964386,
        "n": 4
      },
      "fold_max_depth": {
        "mean": 6.0,
        "std": 0.0,
        "lo": 6.0,
        "hi": 6.0,
        "n": 4
      },
      "governance_overhead_fraction": {
        "mean": 0.12800707239714168,
        "std": 0.0018478728978283266,
        "lo": 0.12651554566723439,
        "hi": 0.12949859912704897,
        "n": 4
      }
    }
  }
}