{
  "200": {
    "n_steps": 200,
    "seeds": [
      {
        "seed": 0,
        "elapsed_sec": 11.05330699996557,
        "final": {
          "exo_baroque_index": 539.0939203338341,
          "real_per_capita_welfare": 0.02496152299480081,
          "gini_wealth": 0.4945835323002377,
          "a2a_share": 0.9922228831265528,
          "fold_max_depth": 6.0,
          "governance_overhead_fraction": 0.124657720419878
        }
      },
      {
        "seed": 1,
        "elapsed_sec": 10.689018250035588,
        "final": {
          "exo_baroque_index": 522.8653591174701,
          "real_per_capita_welfare": 0.02507381844210805,
          "gini_wealth": 0.4886641650005679,
          "a2a_share": 0.9925530996498746,
          "fold_max_depth": 6.0,
          "governance_overhead_fraction": 0.12371830942306375
        }
      },
      {
        "seed": 2,
        "elapsed_sec": 10.85247362498194,
        "final": {
          "exo_baroque_index": 560.8702775060323,
          "real_per_capita_welfare": 0.024971790252145486,
          "gini_wealth": 0.4906977369133447,
          "a2a_share": 0.9925129019763884,
          "fold_max_depth": 6.0,
          "governance_overhead_fraction": 0.12427310529782289
        }
      },
      {
        "seed": 3,
        "elapsed_sec": 11.02914795797551,
        "final": {
          "exo_baroque_index": 511.2589472477947,
          "real_per_capita_welfare": 0.025822915142772813,
          "gini_wealth": 0.49171481336064926,
          "a2a_share": 0.9924474994930995,
          "fold_max_depth": 6.0,
          "governance_overhead_fraction": 0.12532173403126687
        }
      }
    ],
    "summary": {
      "exo_baroque_index": {
        "mean": 533.5221260512828,
        "std": 21.51109861936912,
        "lo": 517.0621531826324,
        "hi": 551.3690479088917,
        "n": 4
      },
      "real_per_capita_welfare": {
        "mean": 0.02520751170795679,
        "std": 0.0004133885696882116,
        "lo": 0.02496665662347315,
        "hi": 0.02561013392011598,
        "n": 4
      },
      "gini_wealth": {
        "mean": 0.4914150618936999,
        "std": 0.0024638076563948076,
        "lo": 0.4894268270905882,
        "hi": 0.4936120834535144,
        "n": 4
      },
      "a2a_share": {
        "mean": 0.9924340960614788,
        "std": 0.00014738021365962828,
        "lo": 0.9922953878390117,
        "hi": 0.9925330008131316,
        "n": 4
      },
      "fold_max_depth": {
        "mean": 6.0,
        "std": 0.0,
        "lo": 6.0,
        "hi": 6.0,
        "n": 4
      },
      "governance_overhead_fraction": {
        "mean": 0.12449271729300787,
        "std": 0.0006739020110894031,
        "lo": 0.12395316217226732,
        "hi": 0.12505957684790586,
        "n": 4
      }
    }
  },
  "400": {
    "n_steps": 400,
    "seeds": [
      {
        "seed": 0,
        "elapsed_sec": 27.61713820899604,
        "final": {
          "exo_baroque_index": 550.5844205638045,
          "real_per_capita_welfare": 0.0457194197347758,
          "gini_wealth": 0.49457198872343705,
          "a2a_share": 0.9928693427894277,
          "fold_max_depth": 6.0,
          "governance_overhead_fraction": 0.12241752480655872
        }
      },
      {
        "seed": 1,
        "elapsed_sec": 24.354769875004422,
        "final": {
          "exo_baroque_index": 545.9363640178889,
          "real_per_capita_welfare": 0.04553275768961614,
          "gini_wealth": 0.4886528004560736,
          "a2a_share": 0.9929717805306966,
          "fold_max_depth": 6.0,
          "governance_overhead_fraction": 0.12568595440285923
        }
      },
      {
        "seed": 2,
        "elapsed_sec": 22.09950554196257,
        "final": {
          "exo_baroque_index": 575.9655637211044,
          "real_per_capita_welfare": 0.04608045270543063,
          "gini_wealth": 0.49068601850724614,
          "a2a_share": 0.9923115876252386,
          "fold_max_depth": 6.0,
          "governance_overhead_fraction": 0.12666753902523284
        }
      },
      {
        "seed": 3,
        "elapsed_sec": 27.692172250011936,
        "final": {
          "exo_baroque_index": 544.3766305148284,
          "real_per_capita_welfare": 0.046327451534159916,
          "gini_wealth": 0.49170338563145083,
          "a2a_share": 0.9930693104263982,
          "fold_max_depth": 6.0,
          "governance_overhead_fraction": 0.12393247847442725
        }
      }
    ],
    "summary": {
      "exo_baroque_index": {
        "mean": 554.2157447044066,
        "std": 14.737677958903742,
        "lo": 545.1564972663587,
        "hi": 568.4582637953006,
        "n": 4
      },
      "real_per_capita_welfare": {
        "mean": 0.04591502041599563,
        "std": 0.0003567686870091463,
        "lo": 0.045624922074413723,
        "hi": 0.04620395211979528,
        "n": 4
      },
      "gini_wealth": {
        "mean": 0.4914035483295519,
        "std": 0.002463762694643874,
        "lo": 0.4894154467499179,
        "hi": 0.4936004961693893,
        "n": 4
      },
      "a2a_share": {
        "mean": 0.9928055053429402,
        "std": 0.0003392494124560317,
        "lo": 0.9924766358516032,
        "hi": 0.9930205454785475,
        "n": 4
      },
      "fold_max_depth": {
        "mean": 6.0,
        "std": 0.0,
        "lo": 6.0,
        "hi": 6.0,
        "n": 4
      },
      "governance_overhead_fraction": {
        "mean": 0.1246758741772695,
        "std": 0.0018832392289115701,
        "lo": 0.12317500164049298,
        "hi": 0.12617674671404605,
        "n": 4
      }
    }
  }
}