{
  "200": {
    "n_steps": 200,
    "seeds": [
      {
        "seed": 0,
        "elapsed_sec": 9.676249792042654,
        "final": {
          "exo_baroque_index": 5.840365724258475,
          "real_per_capita_welfare": 0.06518299921000346,
          "gini_wealth": 0.49289782061680887,
          "a2a_share": 0.9927195049876045,
          "fold_max_depth": 6.0,
          "governance_overhead_fraction": 0.12409555016031437
        }
      },
      {
        "seed": 1,
        "elapsed_sec": 9.751927875040565,
        "final": {
          "exo_baroque_index": 5.641021509784739,
          "real_per_capita_welfare": 0.0656124334196163,
          "gini_wealth": 0.5034326112722189,
          "a2a_share": 0.9921263625862229,
          "fold_max_depth": 6.0,
          "governance_overhead_fraction": 0.12366772454137433
        }
      },
      {
        "seed": 2,
        "elapsed_sec": 9.671658082981594,
        "final": {
          "exo_baroque_index": 5.863764836062856,
          "real_per_capita_welfare": 0.0642239615840157,
          "gini_wealth": 0.5025909068900051,
          "a2a_share": 0.9922436075949803,
          "fold_max_depth": 6.0,
          "governance_overhead_fraction": 0.12370873132590178
        }
      },
      {
        "seed": 3,
        "elapsed_sec": 9.669233499967959,
        "final": {
          "exo_baroque_index": 5.758618640556869,
          "real_per_capita_welfare": 0.06512411117428073,
          "gini_wealth": 0.5022602636785046,
          "a2a_share": 0.9922527235123543,
          "fold_max_depth": 6.0,
          "governance_overhead_fraction": 0.12291343729793591
        }
      }
    ],
    "summary": {
      "exo_baroque_index": {
        "mean": 5.775942677665735,
        "std": 0.10060964871213987,
        "lo": 5.690857563403173,
        "hi": 5.852065280160666,
        "n": 4
      },
      "real_per_capita_welfare": {
        "mean": 0.06503587634697905,
        "std": 0.00058339642379755,
        "lo": 0.06446372099051265,
        "hi": 0.06549072090850568,
        "n": 4
      },
      "gini_wealth": {
        "mean": 0.5002954006143844,
        "std": 0.004956353379058643,
        "lo": 0.4953210921851079,
        "hi": 0.5031395243737904,
        "n": 4
      },
      "a2a_share": {
        "mean": 0.9923355496702905,
        "std": 0.00026235754196976264,
        "lo": 0.9921579528177557,
        "hi": 0.9926005306394485,
        "n": 4
      },
      "fold_max_depth": {
        "mean": 6.0,
        "std": 0.0,
        "lo": 6.0,
        "hi": 6.0,
        "n": 4
      },
      "governance_overhead_fraction": {
        "mean": 0.12359636083138159,
        "std": 0.0004944001233134049,
        "lo": 0.12311226080492738,
        "hi": 0.12398859375557936,
        "n": 4
      }
    }
  },
  "400": {
    "n_steps": 400,
    "seeds": [
      {
        "seed": 0,
        "elapsed_sec": 18.767855915997643,
        "final": {
          "exo_baroque_index": 5.916496407099718,
          "real_per_capita_welfare": 0.12267789544877206,
          "gini_wealth": 0.49286969581976936,
          "a2a_share": 0.9921703396422415,
          "fold_max_depth": 6.0,
          "governance_overhead_fraction": 0.12352622989558634
        }
      },
      {
        "seed": 1,
        "elapsed_sec": 18.814318582997657,
        "final": {
          "exo_baroque_index": 5.635476942700894,
          "real_per_capita_welfare": 0.12420966082401233,
          "gini_wealth": 0.503403950752482,
          "a2a_share": 0.9926181561573182,
          "fold_max_depth": 6.0,
          "governance_overhead_fraction": 0.12305738158714588
        }
      },
      {
        "seed": 2,
        "elapsed_sec": 18.772322791977786,
        "final": {
          "exo_baroque_index": 5.890440470175044,
          "real_per_capita_welfare": 0.12044187294685493,
          "gini_wealth": 0.5025636041155657,
          "a2a_share": 0.9922007876355838,
          "fold_max_depth": 6.0,
          "governance_overhead_fraction": 0.12338464768642647
        }
      },
      {
        "seed": 3,
        "elapsed_sec": 18.682318791979924,
        "final": {
          "exo_baroque_index": 5.758920527312771,
          "real_per_capita_welfare": 0.12321032679602706,
          "gini_wealth": 0.5022319024308589,
          "a2a_share": 0.9925326850498307,
          "fold_max_depth": 6.0,
          "governance_overhead_fraction": 0.12294633101944989
        }
      }
    ],
    "summary": {
      "exo_baroque_index": {
        "mean": 5.800333586822107,
        "std": 0.12975079428306707,
        "lo": 5.6971987350068325,
        "hi": 5.903468438637381,
        "n": 4
      },
      "real_per_capita_welfare": {
        "mean": 0.12263493900391659,
        "std": 0.0015939682042820033,
        "lo": 0.12113398640914796,
        "hi": 0.12382671948020227,
        "n": 4
      },
      "gini_wealth": {
        "mean": 0.500267288279669,
        "std": 0.004956336040946742,
        "lo": 0.49529317289371844,
        "hi": 0.5031109386720762,
        "n": 4
      },
      "a2a_share": {
        "mean": 0.9923804921212436,
        "std": 0.0002281115576146422,
        "lo": 0.9921855636389127,
        "hi": 0.9925754206035745,
        "n": 4
      },
      "fold_max_depth": {
        "mean": 6.0,
        "std": 0.0,
        "lo": 6.0,
        "hi": 6.0,
        "n": 4
      },
      "governance_overhead_fraction": {
        "mean": 0.12322864754715215,
        "std": 0.0002719840365560361,
        "lo": 0.12300185630329788,
        "hi": 0.12345543879100641,
        "n": 4
      }
    }
  }
}