{
  "100": {
    "n_steps": 100,
    "seeds": [
      {
        "seed": 0,
        "elapsed_sec": 3.02553058299236,
        "final": {
          "exo_baroque_index": 6.147539018410748,
          "real_per_capita_welfare": 0.020362628538497667,
          "gini_wealth": 0.49290677887960205,
          "a2a_share": 0.9999704495599449,
          "fold_max_depth": 6.0,
          "governance_overhead_fraction": 0.136782240928121
        }
      },
      {
        "seed": 1,
        "elapsed_sec": 3.0424152920022607,
        "final": {
          "exo_baroque_index": 6.135134328436294,
          "real_per_capita_welfare": 0.020478943034611168,
          "gini_wealth": 0.5034415517375311,
          "a2a_share": 0.9999735399209306,
          "fold_max_depth": 6.0,
          "governance_overhead_fraction": 0.1357236754590463
        }
      }
    ],
    "summary": {
      "exo_baroque_index": {
        "mean": 6.14133667342352,
        "std": 0.008771440399452959,
        "lo": 6.135134328436294,
        "hi": 6.147539018410748,
        "n": 2
      },
      "real_per_capita_welfare": {
        "mean": 0.020420785786554416,
        "std": 8.224676895215238e-05,
        "lo": 0.020362628538497667,
        "hi": 0.020478943034611168,
        "n": 2
      },
      "gini_wealth": {
        "mean": 0.4981741653085666,
        "std": 0.007449209326101642,
        "lo": 0.49290677887960205,
        "hi": 0.5034415517375311,
        "n": 2
      },
      "a2a_share": {
        "mean": 0.9999719947404377,
        "std": 2.1852152093595188e-06,
        "lo": 0.9999704495599449,
        "hi": 0.9999735399209306,
        "n": 2
      },
      "fold_max_depth": {
        "mean": 6.0,
        "std": 0.0,
        "lo": 6.0,
        "hi": 6.0,
        "n": 2
      },
      "governance_overhead_fraction": {
        "mean": 0.13625295819358363,
        "std": 0.0007485188215126439,
        "lo": 0.1357236754590463,
        "hi": 0.136782240928121,
        "n": 2
      }
    }
  },
  "200": {
    "n_steps": 200,
    "seeds": [
      {
        "seed": 0,
        "elapsed_sec": 6.052422083041165,
        "final": {
          "exo_baroque_index": 6.206428120587809,
          "real_per_capita_welfare": 0.039714266245684866,
          "gini_wealth": 0.49290228879665154,
          "a2a_share": 0.9999732481081903,
          "fold_max_depth": 6.0,
          "governance_overhead_fraction": 0.13749937489377884
        }
      },
      {
        "seed": 1,
        "elapsed_sec": 6.063653708028141,
        "final": {
          "exo_baroque_index": 6.193724313461532,
          "real_per_capita_welfare": 0.03993607193317587,
          "gini_wealth": 0.5034370716968396,
          "a2a_share": 0.999971973180748,
          "fold_max_depth": 6.0,
          "governance_overhead_fraction": 0.13719915719001521
        }
      }
    ],
    "summary": {
      "exo_baroque_index": {
        "mean": 6.20007621702467,
        "std": 0.008982948165876492,
        "lo": 6.193724313461532,
        "hi": 6.206428120587809,
        "n": 2
      },
      "real_per_capita_welfare": {
        "mean": 0.03982516908943037,
        "std": 0.0001568403057306353,
        "lo": 0.039714266245684866,
        "hi": 0.03993607193317587,
        "n": 2
      },
      "gini_wealth": {
        "mean": 0.49816968024674557,
        "std": 0.0074492164270510575,
        "lo": 0.49290228879665154,
        "hi": 0.5034370716968396,
        "n": 2
      },
      "a2a_share": {
        "mean": 0.9999726106444692,
        "std": 9.015098399606784e-07,
        "lo": 0.999971973180748,
        "hi": 0.9999732481081903,
        "n": 2
      },
      "fold_max_depth": {
        "mean": 6.0,
        "std": 0.0,
        "lo": 6.0,
        "hi": 6.0,
        "n": 2
      },
      "governance_overhead_fraction": {
        "mean": 0.137349266041897,
        "std": 0.00021228597416351138,
        "lo": 0.13719915719001521,
        "hi": 0.13749937489377884,
        "n": 2
      }
    }
  },
  "400": {
    "n_steps": 400,
    "seeds": [
      {
        "seed": 0,
        "elapsed_sec": 12.037658791989088,
        "final": {
          "exo_baroque_index": 6.331620746409625,
          "real_per_capita_welfare": 0.0754810168405882,
          "gini_wealth": 0.49288457278901104,
          "a2a_share": 0.9999828709942657,
          "fold_max_depth": 6.0,
          "governance_overhead_fraction": 0.13595181170350867
        }
      },
      {
        "seed": 1,
        "elapsed_sec": 12.079007207998075,
        "final": {
          "exo_baroque_index": 6.318324868344345,
          "real_per_capita_welfare": 0.07591729184789806,
          "gini_wealth": 0.5034193524826707,
          "a2a_share": 0.999970234331062,
          "fold_max_depth": 6.0,
          "governance_overhead_fraction": 0.13509992485054362
        }
      }
    ],
    "summary": {
      "exo_baroque_index": {
        "mean": 6.3249728073769855,
        "std": 0.009401605541788559,
        "lo": 6.318324868344345,
        "hi": 6.331620746409625,
        "n": 2
      },
      "real_per_capita_welfare": {
        "mean": 0.07569915434424312,
        "std": 0.00030849301613101326,
        "lo": 0.0754810168405882,
        "hi": 0.07591729184789806,
        "n": 2
      },
      "gini_wealth": {
        "mean": 0.49815196263584083,
        "std": 0.00744921415969306,
        "lo": 0.49288457278901104,
        "hi": 0.5034193524826707,
        "n": 2
      },
      "a2a_share": {
        "mean": 0.9999765526626638,
        "std": 8.935470242924098e-06,
        "lo": 0.999970234331062,
        "hi": 0.9999828709942657,
        "n": 2
      },
      "fold_max_depth": {
        "mean": 6.0,
        "std": 0.0,
        "lo": 6.0,
        "hi": 6.0,
        "n": 2
      },
      "governance_overhead_fraction": {
        "mean": 0.13552586827702615,
        "std": 0.0006023749705352583,
        "lo": 0.13509992485054362,
        "hi": 0.13595181170350867,
        "n": 2
      }
    }
  }
}