{
  "200": {
    "n_steps": 200,
    "seeds": [
      {
        "seed": 0,
        "elapsed_sec": 6.23301366600208,
        "final": {
          "exo_baroque_index": 1.3943691553316344,
          "real_per_capita_welfare": 0.166719945704227,
          "gini_wealth": 0.49453231248840873,
          "a2a_share": 0.9907364561461148,
          "fold_max_depth": 4.0,
          "governance_overhead_fraction": 0.12415971720306204
        }
      },
      {
        "seed": 1,
        "elapsed_sec": 6.190774874994531,
        "final": {
          "exo_baroque_index": 1.3539215540727383,
          "real_per_capita_welfare": 0.1639682985766468,
          "gini_wealth": 0.4886140641234631,
          "a2a_share": 0.9907129220921677,
          "fold_max_depth": 4.0,
          "governance_overhead_fraction": 0.12494860094893148
        }
      },
      {
        "seed": 2,
        "elapsed_sec": 6.1853477919939905,
        "final": {
          "exo_baroque_index": 1.376495510272596,
          "real_per_capita_welfare": 0.1615411130623365,
          "gini_wealth": 0.49064828147859607,
          "a2a_share": 0.9908884879522271,
          "fold_max_depth": 4.0,
          "governance_overhead_fraction": 0.12495924796597971
        }
      },
      {
        "seed": 3,
        "elapsed_sec": 6.163816333049908,
        "final": {
          "exo_baroque_index": 1.3625244015787215,
          "real_per_capita_welfare": 0.16450094100164786,
          "gini_wealth": 0.4916646021726261,
          "a2a_share": 0.9908693913357586,
          "fold_max_depth": 4.0,
          "governance_overhead_fraction": 0.1250532040992246
        }
      }
    ],
    "summary": {
      "exo_baroque_index": {
        "mean": 1.3718276553139224,
        "std": 0.01767377609798191,
        "lo": 1.3582229778257298,
        "hi": 1.3864079668934064,
        "n": 4
      },
      "real_per_capita_welfare": {
        "mean": 0.16418257458621455,
        "std": 0.0021262519884689057,
        "lo": 0.16275470581949164,
        "hi": 0.16603203392233196,
        "n": 4
      },
      "gini_wealth": {
        "mean": 0.49136481506577345,
        "std": 0.0024632609389459636,
        "lo": 0.48937669863575384,
        "hi": 0.49356130473595555,
        "n": 4
      },
      "a2a_share": {
        "mean": 0.990801814381567,
        "std": 8.99119766676503e-05,
        "lo": 0.9907245420313041,
        "hi": 0.9908789396439928,
        "n": 4
      },
      "fold_max_depth": {
        "mean": 4.0,
        "std": 0.0,
        "lo": 4.0,
        "hi": 4.0,
        "n": 4
      },
      "governance_overhead_fraction": {
        "mean": 0.12478019255429945,
        "std": 0.0004163120596340073,
        "lo": 0.12435959989379147,
        "hi": 0.12502705331165131,
        "n": 4
      }
    }
  },
  "400": {
    "n_steps": 400,
    "seeds": [
      {
        "seed": 0,
        "elapsed_sec": 11.907971874985378,
        "final": {
          "exo_baroque_index": 1.3778193165267807,
          "real_per_capita_welfare": 0.33147618465164796,
          "gini_wealth": 0.4944756107787661,
          "a2a_share": 0.9908312505773968,
          "fold_max_depth": 4.0,
          "governance_overhead_fraction": 0.12292024808577351
        }
      },
      {
        "seed": 1,
        "elapsed_sec": 11.89608220901573,
        "final": {
          "exo_baroque_index": 1.360270834780888,
          "real_per_capita_welfare": 0.3279127117050157,
          "gini_wealth": 0.4885576669375657,
          "a2a_share": 0.9908618786058536,
          "fold_max_depth": 4.0,
          "governance_overhead_fraction": 0.12458091795820497
        }
      },
      {
        "seed": 2,
        "elapsed_sec": 11.896082625025883,
        "final": {
          "exo_baroque_index": 1.3856187076799114,
          "real_per_capita_welfare": 0.3239164106998429,
          "gini_wealth": 0.4905923683157103,
          "a2a_share": 0.9908418058798053,
          "fold_max_depth": 4.0,
          "governance_overhead_fraction": 0.12760522629322624
        }
      },
      {
        "seed": 3,
        "elapsed_sec": 11.930001790984534,
        "final": {
          "exo_baroque_index": 1.3636057100118357,
          "real_per_capita_welfare": 0.3277114073157851,
          "gini_wealth": 0.49160847281650716,
          "a2a_share": 0.9907370286777403,
          "fold_max_depth": 4.0,
          "governance_overhead_fraction": 0.1250225469391709
        }
      }
    ],
    "summary": {
      "exo_baroque_index": {
        "mean": 1.371828642249854,
        "std": 0.011933895856456085,
        "lo": 1.3619382723963618,
        "hi": 1.381719012103346,
        "n": 4
      },
      "real_per_capita_welfare": {
        "mean": 0.3277541785930729,
        "std": 0.0030880821249938536,
        "lo": 0.32580635418779413,
        "hi": 0.33053499031768224,
        "n": 4
      },
      "gini_wealth": {
        "mean": 0.4913085297121373,
        "std": 0.0024630943613480607,
        "lo": 0.48932036840730103,
        "hi": 0.49350480016300213,
        "n": 4
      },
      "a2a_share": {
        "mean": 0.9908179909351991,
        "std": 5.5449630194492426e-05,
        "lo": 0.9907632229782566,
        "hi": 0.9908542215987395,
        "n": 4
      },
      "fold_max_depth": {
        "mean": 4.0,
        "std": 0.0,
        "lo": 4.0,
        "hi": 4.0,
        "n": 4
      },
      "governance_overhead_fraction": {
        "mean": 0.1250322348190939,
        "std": 0.0019394633150796356,
        "lo": 0.12344582279912286,
        "hi": 0.12643398174136306,
        "n": 4
      }
    }
  }
}